{
  "image": "bacheca.png",
  "width": 1785,
  "height": 1004,
  "alpha_threshold": 1,
  "polygons": [
    {
      "type": "outer",
      "points": [
        [
          209,
          176
        ],
        [
          208,
          176
        ],
        [
          207,
          176
        ],
        [
          206,
          176
        ],
        [
          205,
          176
        ],
        [
          204,
          176
        ],
        [
          203,
          176
        ],
        [
          202,
          176
        ],
        [
          201,
          176
        ],
        [
          200,
          176
        ],
        [
          199,
          176
        ],
        [
          198,
          176
        ],
        [
          197,
          176
        ],
        [
          196,
          176
        ],
        [
          195,
          176
        ],
        [
          194,
          176
        ],
        [
          193,
          176
        ],
        [
          192,
          176
        ],
        [
          191,
          176
        ],
        [
          190,
          176
        ],
        [
          189,
          176
        ],
        [
          188,
          176
        ],
        [
          187,
          176
        ],
        [
          186,
          176
        ],
        [
          185,
          176
        ],
        [
          184,
          176
        ],
        [
          183,
          176
        ],
        [
          183,
          177
        ],
        [
          182,
          177
        ],
        [
          181,
          177
        ],
        [
          180,
          177
        ],
        [
          179,
          177
        ],
        [
          178,
          177
        ],
        [
          177,
          177
        ],
        [
          176,
          177
        ],
        [
          175,
          177
        ],
        [
          174,
          177
        ],
        [
          173,
          177
        ],
        [
          172,
          177
        ],
        [
          171,
          177
        ],
        [
          170,
          177
        ],
        [
          169,
          177
        ],
        [
          168,
          177
        ],
        [
          167,
          177
        ],
        [
          166,
          177
        ],
        [
          165,
          177
        ],
        [
          164,
          177
        ],
        [
          163,
          177
        ],
        [
          162,
          177
        ],
        [
          161,
          177
        ],
        [
          160,
          177
        ],
        [
          159,
          177
        ],
        [
          158,
          177
        ],
        [
          157,
          177
        ],
        [
          156,
          177
        ],
        [
          155,
          177
        ],
        [
          154,
          177
        ],
        [
          153,
          177
        ],
        [
          152,
          177
        ],
        [
          151,
          177
        ],
        [
          150,
          177
        ],
        [
          149,
          177
        ],
        [
          148,
          177
        ],
        [
          147,
          177
        ],
        [
          146,
          177
        ],
        [
          145,
          177
        ],
        [
          144,
          177
        ],
        [
          143,
          177
        ],
        [
          143,
          176
        ],
        [
          142,
          176
        ],
        [
          141,
          176
        ],
        [
          140,
          176
        ],
        [
          139,
          176
        ],
        [
          138,
          176
        ],
        [
          137,
          176
        ],
        [
          136,
          176
        ],
        [
          135,
          176
        ],
        [
          134,
          176
        ],
        [
          133,
          176
        ],
        [
          132,
          176
        ],
        [
          131,
          176
        ],
        [
          130,
          176
        ],
        [
          129,
          176
        ],
        [
          128,
          176
        ],
        [
          127,
          176
        ],
        [
          127,
          177
        ],
        [
          126,
          177
        ],
        [
          125,
          177
        ],
        [
          124,
          177
        ],
        [
          123,
          177
        ],
        [
          123,
          176
        ],
        [
          122,
          176
        ],
        [
          121,
          176
        ],
        [
          120,
          176
        ],
        [
          119,
          176
        ],
        [
          118,
          176
        ],
        [
          117,
          176
        ],
        [
          116,
          176
        ],
        [
          115,
          176
        ],
        [
          114,
          176
        ],
        [
          113,
          176
        ],
        [
          113,
          177
        ],
        [
          112,
          177
        ],
        [
          111,
          177
        ],
        [
          111,
          178
        ],
        [
          110,
          178
        ],
        [
          110,
          179
        ],
        [
          109,
          179
        ],
        [
          109,
          180
        ],
        [
          108,
          180
        ],
        [
          108,
          181
        ],
        [
          108,
          182
        ],
        [
          108,
          183
        ],
        [
          107,
          183
        ],
        [
          107,
          184
        ],
        [
          107,
          185
        ],
        [
          107,
          186
        ],
        [
          107,
          187
        ],
        [
          107,
          188
        ],
        [
          107,
          189
        ],
        [
          107,
          190
        ],
        [
          107,
          191
        ],
        [
          107,
          192
        ],
        [
          107,
          193
        ],
        [
          107,
          194
        ],
        [
          106,
          194
        ],
        [
          106,
          195
        ],
        [
          106,
          196
        ],
        [
          107,
          196
        ],
        [
          107,
          197
        ],
        [
          107,
          198
        ],
        [
          107,
          199
        ],
        [
          107,
          200
        ],
        [
          107,
          201
        ],
        [
          107,
          202
        ],
        [
          107,
          203
        ],
        [
          107,
          204
        ],
        [
          107,
          205
        ],
        [
          107,
          206
        ],
        [
          107,
          207
        ],
        [
          107,
          208
        ],
        [
          107,
          209
        ],
        [
          107,
          210
        ],
        [
          107,
          211
        ],
        [
          107,
          212
        ],
        [
          107,
          213
        ],
        [
          107,
          214
        ],
        [
          107,
          215
        ],
        [
          107,
          216
        ],
        [
          107,
          217
        ],
        [
          107,
          218
        ],
        [
          107,
          219
        ],
        [
          107,
          220
        ],
        [
          107,
          221
        ],
        [
          107,
          222
        ],
        [
          107,
          223
        ],
        [
          107,
          224
        ],
        [
          107,
          225
        ],
        [
          107,
          226
        ],
        [
          107,
          227
        ],
        [
          107,
          228
        ],
        [
          107,
          229
        ],
        [
          107,
          230
        ],
        [
          107,
          231
        ],
        [
          107,
          232
        ],
        [
          107,
          233
        ],
        [
          107,
          234
        ],
        [
          107,
          235
        ],
        [
          107,
          236
        ],
        [
          107,
          237
        ],
        [
          107,
          238
        ],
        [
          106,
          238
        ],
        [
          106,
          239
        ],
        [
          107,
          239
        ],
        [
          107,
          240
        ],
        [
          107,
          241
        ],
        [
          107,
          242
        ],
        [
          107,
          243
        ],
        [
          107,
          244
        ],
        [
          107,
          245
        ],
        [
          107,
          246
        ],
        [
          107,
          247
        ],
        [
          107,
          248
        ],
        [
          107,
          249
        ],
        [
          107,
          250
        ],
        [
          107,
          251
        ],
        [
          107,
          252
        ],
        [
          107,
          253
        ],
        [
          107,
          254
        ],
        [
          107,
          255
        ],
        [
          107,
          256
        ],
        [
          107,
          257
        ],
        [
          107,
          258
        ],
        [
          107,
          259
        ],
        [
          107,
          260
        ],
        [
          107,
          261
        ],
        [
          107,
          262
        ],
        [
          107,
          263
        ],
        [
          107,
          264
        ],
        [
          107,
          265
        ],
        [
          107,
          266
        ],
        [
          107,
          267
        ],
        [
          107,
          268
        ],
        [
          107,
          269
        ],
        [
          107,
          270
        ],
        [
          107,
          271
        ],
        [
          107,
          272
        ],
        [
          107,
          273
        ],
        [
          107,
          274
        ],
        [
          107,
          275
        ],
        [
          107,
          276
        ],
        [
          107,
          277
        ],
        [
          107,
          278
        ],
        [
          107,
          279
        ],
        [
          107,
          280
        ],
        [
          106,
          280
        ],
        [
          106,
          281
        ],
        [
          107,
          281
        ],
        [
          107,
          282
        ],
        [
          107,
          283
        ],
        [
          107,
          284
        ],
        [
          107,
          285
        ],
        [
          107,
          286
        ],
        [
          107,
          287
        ],
        [
          107,
          288
        ],
        [
          107,
          289
        ],
        [
          107,
          290
        ],
        [
          107,
          291
        ],
        [
          107,
          292
        ],
        [
          107,
          293
        ],
        [
          107,
          294
        ],
        [
          107,
          295
        ],
        [
          107,
          296
        ],
        [
          107,
          297
        ],
        [
          107,
          298
        ],
        [
          107,
          299
        ],
        [
          107,
          300
        ],
        [
          107,
          301
        ],
        [
          107,
          302
        ],
        [
          107,
          303
        ],
        [
          107,
          304
        ],
        [
          107,
          305
        ],
        [
          107,
          306
        ],
        [
          107,
          307
        ],
        [
          107,
          308
        ],
        [
          107,
          309
        ],
        [
          107,
          310
        ],
        [
          107,
          311
        ],
        [
          107,
          312
        ],
        [
          107,
          313
        ],
        [
          107,
          314
        ],
        [
          107,
          315
        ],
        [
          107,
          316
        ],
        [
          107,
          317
        ],
        [
          107,
          318
        ],
        [
          107,
          319
        ],
        [
          107,
          320
        ],
        [
          107,
          321
        ],
        [
          107,
          322
        ],
        [
          106,
          322
        ],
        [
          106,
          323
        ],
        [
          106,
          324
        ],
        [
          107,
          324
        ],
        [
          107,
          325
        ],
        [
          107,
          326
        ],
        [
          107,
          327
        ],
        [
          107,
          328
        ],
        [
          107,
          329
        ],
        [
          107,
          330
        ],
        [
          107,
          331
        ],
        [
          107,
          332
        ],
        [
          107,
          333
        ],
        [
          107,
          334
        ],
        [
          107,
          335
        ],
        [
          107,
          336
        ],
        [
          107,
          337
        ],
        [
          107,
          338
        ],
        [
          107,
          339
        ],
        [
          107,
          340
        ],
        [
          107,
          341
        ],
        [
          107,
          342
        ],
        [
          107,
          343
        ],
        [
          107,
          344
        ],
        [
          107,
          345
        ],
        [
          107,
          346
        ],
        [
          107,
          347
        ],
        [
          107,
          348
        ],
        [
          107,
          349
        ],
        [
          107,
          350
        ],
        [
          107,
          351
        ],
        [
          107,
          352
        ],
        [
          107,
          353
        ],
        [
          107,
          354
        ],
        [
          107,
          355
        ],
        [
          107,
          356
        ],
        [
          107,
          357
        ],
        [
          107,
          358
        ],
        [
          107,
          359
        ],
        [
          107,
          360
        ],
        [
          107,
          361
        ],
        [
          107,
          362
        ],
        [
          107,
          363
        ],
        [
          107,
          364
        ],
        [
          106,
          364
        ],
        [
          106,
          365
        ],
        [
          106,
          366
        ],
        [
          106,
          367
        ],
        [
          107,
          367
        ],
        [
          107,
          368
        ],
        [
          107,
          369
        ],
        [
          107,
          370
        ],
        [
          107,
          371
        ],
        [
          107,
          372
        ],
        [
          107,
          373
        ],
        [
          107,
          374
        ],
        [
          107,
          375
        ],
        [
          107,
          376
        ],
        [
          107,
          377
        ],
        [
          107,
          378
        ],
        [
          107,
          379
        ],
        [
          107,
          380
        ],
        [
          107,
          381
        ],
        [
          107,
          382
        ],
        [
          107,
          383
        ],
        [
          107,
          384
        ],
        [
          107,
          385
        ],
        [
          107,
          386
        ],
        [
          107,
          387
        ],
        [
          107,
          388
        ],
        [
          107,
          389
        ],
        [
          107,
          390
        ],
        [
          107,
          391
        ],
        [
          107,
          392
        ],
        [
          107,
          393
        ],
        [
          107,
          394
        ],
        [
          107,
          395
        ],
        [
          107,
          396
        ],
        [
          107,
          397
        ],
        [
          107,
          398
        ],
        [
          107,
          399
        ],
        [
          107,
          400
        ],
        [
          107,
          401
        ],
        [
          107,
          402
        ],
        [
          107,
          403
        ],
        [
          107,
          404
        ],
        [
          107,
          405
        ],
        [
          107,
          406
        ],
        [
          106,
          406
        ],
        [
          106,
          407
        ],
        [
          106,
          408
        ],
        [
          106,
          409
        ],
        [
          106,
          410
        ],
        [
          107,
          410
        ],
        [
          107,
          411
        ],
        [
          107,
          412
        ],
        [
          107,
          413
        ],
        [
          107,
          414
        ],
        [
          107,
          415
        ],
        [
          107,
          416
        ],
        [
          107,
          417
        ],
        [
          107,
          418
        ],
        [
          107,
          419
        ],
        [
          107,
          420
        ],
        [
          107,
          421
        ],
        [
          107,
          422
        ],
        [
          107,
          423
        ],
        [
          107,
          424
        ],
        [
          107,
          425
        ],
        [
          107,
          426
        ],
        [
          107,
          427
        ],
        [
          107,
          428
        ],
        [
          107,
          429
        ],
        [
          107,
          430
        ],
        [
          107,
          431
        ],
        [
          107,
          432
        ],
        [
          107,
          433
        ],
        [
          107,
          434
        ],
        [
          107,
          435
        ],
        [
          107,
          436
        ],
        [
          107,
          437
        ],
        [
          107,
          438
        ],
        [
          107,
          439
        ],
        [
          107,
          440
        ],
        [
          107,
          441
        ],
        [
          107,
          442
        ],
        [
          107,
          443
        ],
        [
          107,
          444
        ],
        [
          107,
          445
        ],
        [
          107,
          446
        ],
        [
          107,
          447
        ],
        [
          107,
          448
        ],
        [
          107,
          449
        ],
        [
          106,
          449
        ],
        [
          106,
          450
        ],
        [
          106,
          451
        ],
        [
          107,
          451
        ],
        [
          107,
          452
        ],
        [
          107,
          453
        ],
        [
          107,
          454
        ],
        [
          107,
          455
        ],
        [
          107,
          456
        ],
        [
          107,
          457
        ],
        [
          107,
          458
        ],
        [
          107,
          459
        ],
        [
          107,
          460
        ],
        [
          107,
          461
        ],
        [
          107,
          462
        ],
        [
          107,
          463
        ],
        [
          107,
          464
        ],
        [
          107,
          465
        ],
        [
          107,
          466
        ],
        [
          107,
          467
        ],
        [
          108,
          467
        ],
        [
          108,
          468
        ],
        [
          108,
          469
        ],
        [
          109,
          469
        ],
        [
          109,
          470
        ],
        [
          109,
          471
        ],
        [
          110,
          471
        ],
        [
          110,
          472
        ],
        [
          111,
          472
        ],
        [
          112,
          472
        ],
        [
          112,
          473
        ],
        [
          113,
          473
        ],
        [
          114,
          473
        ],
        [
          115,
          473
        ],
        [
          115,
          474
        ],
        [
          116,
          474
        ],
        [
          117,
          474
        ],
        [
          118,
          474
        ],
        [
          119,
          474
        ],
        [
          120,
          474
        ],
        [
          121,
          474
        ],
        [
          122,
          474
        ],
        [
          123,
          474
        ],
        [
          124,
          474
        ],
        [
          125,
          474
        ],
        [
          125,
          475
        ],
        [
          126,
          475
        ],
        [
          127,
          475
        ],
        [
          128,
          475
        ],
        [
          129,
          475
        ],
        [
          129,
          474
        ],
        [
          130,
          474
        ],
        [
          131,
          474
        ],
        [
          132,
          474
        ],
        [
          133,
          474
        ],
        [
          134,
          474
        ],
        [
          135,
          474
        ],
        [
          136,
          474
        ],
        [
          137,
          474
        ],
        [
          138,
          474
        ],
        [
          139,
          474
        ],
        [
          140,
          474
        ],
        [
          141,
          474
        ],
        [
          142,
          474
        ],
        [
          143,
          474
        ],
        [
          144,
          474
        ],
        [
          145,
          474
        ],
        [
          146,
          474
        ],
        [
          147,
          474
        ],
        [
          148,
          474
        ],
        [
          149,
          474
        ],
        [
          150,
          474
        ],
        [
          151,
          474
        ],
        [
          152,
          474
        ],
        [
          153,
          474
        ],
        [
          154,
          474
        ],
        [
          155,
          474
        ],
        [
          155,
          475
        ],
        [
          156,
          475
        ],
        [
          157,
          475
        ],
        [
          158,
          475
        ],
        [
          159,
          475
        ],
        [
          160,
          475
        ],
        [
          161,
          475
        ],
        [
          162,
          475
        ],
        [
          163,
          475
        ],
        [
          164,
          475
        ],
        [
          165,
          475
        ],
        [
          166,
          475
        ],
        [
          167,
          475
        ],
        [
          168,
          475
        ],
        [
          169,
          475
        ],
        [
          170,
          475
        ],
        [
          171,
          475
        ],
        [
          172,
          475
        ],
        [
          173,
          475
        ],
        [
          174,
          475
        ],
        [
          175,
          475
        ],
        [
          176,
          475
        ],
        [
          177,
          475
        ],
        [
          178,
          475
        ],
        [
          179,
          475
        ],
        [
          180,
          475
        ],
        [
          181,
          475
        ],
        [
          182,
          475
        ],
        [
          183,
          475
        ],
        [
          184,
          475
        ],
        [
          185,
          475
        ],
        [
          186,
          475
        ],
        [
          187,
          475
        ],
        [
          188,
          475
        ],
        [
          189,
          475
        ],
        [
          190,
          475
        ],
        [
          191,
          475
        ],
        [
          192,
          475
        ],
        [
          193,
          475
        ],
        [
          194,
          475
        ],
        [
          195,
          475
        ],
        [
          196,
          475
        ],
        [
          197,
          475
        ],
        [
          198,
          475
        ],
        [
          199,
          475
        ],
        [
          200,
          475
        ],
        [
          201,
          475
        ],
        [
          202,
          475
        ],
        [
          203,
          475
        ],
        [
          204,
          475
        ],
        [
          205,
          475
        ],
        [
          206,
          475
        ],
        [
          207,
          475
        ],
        [
          208,
          475
        ],
        [
          209,
          475
        ],
        [
          210,
          475
        ],
        [
          211,
          475
        ],
        [
          212,
          475
        ],
        [
          213,
          475
        ],
        [
          214,
          475
        ],
        [
          215,
          475
        ],
        [
          216,
          475
        ],
        [
          217,
          475
        ],
        [
          218,
          475
        ],
        [
          219,
          475
        ],
        [
          220,
          475
        ],
        [
          221,
          475
        ],
        [
          222,
          475
        ],
        [
          223,
          475
        ],
        [
          224,
          475
        ],
        [
          225,
          475
        ],
        [
          226,
          475
        ],
        [
          227,
          475
        ],
        [
          227,
          474
        ],
        [
          228,
          474
        ],
        [
          229,
          474
        ],
        [
          230,
          474
        ],
        [
          231,
          474
        ],
        [
          232,
          474
        ],
        [
          233,
          474
        ],
        [
          234,
          474
        ],
        [
          235,
          474
        ],
        [
          236,
          474
        ],
        [
          237,
          474
        ],
        [
          238,
          474
        ],
        [
          239,
          474
        ],
        [
          240,
          474
        ],
        [
          241,
          474
        ],
        [
          242,
          474
        ],
        [
          243,
          474
        ],
        [
          244,
          474
        ],
        [
          245,
          474
        ],
        [
          246,
          474
        ],
        [
          247,
          474
        ],
        [
          248,
          474
        ],
        [
          249,
          474
        ],
        [
          250,
          474
        ],
        [
          251,
          474
        ],
        [
          252,
          474
        ],
        [
          253,
          474
        ],
        [
          254,
          474
        ],
        [
          255,
          474
        ],
        [
          256,
          474
        ],
        [
          257,
          474
        ],
        [
          258,
          474
        ],
        [
          259,
          474
        ],
        [
          260,
          474
        ],
        [
          261,
          474
        ],
        [
          262,
          474
        ],
        [
          263,
          474
        ],
        [
          264,
          474
        ],
        [
          265,
          474
        ],
        [
          266,
          474
        ],
        [
          267,
          474
        ],
        [
          268,
          474
        ],
        [
          269,
          474
        ],
        [
          270,
          474
        ],
        [
          271,
          474
        ],
        [
          272,
          474
        ],
        [
          273,
          474
        ],
        [
          274,
          474
        ],
        [
          275,
          474
        ],
        [
          276,
          474
        ],
        [
          277,
          474
        ],
        [
          278,
          474
        ],
        [
          279,
          474
        ],
        [
          280,
          474
        ],
        [
          281,
          474
        ],
        [
          282,
          474
        ],
        [
          283,
          474
        ],
        [
          284,
          474
        ],
        [
          284,
          475
        ],
        [
          285,
          475
        ],
        [
          285,
          474
        ],
        [
          286,
          474
        ],
        [
          287,
          474
        ],
        [
          288,
          474
        ],
        [
          289,
          474
        ],
        [
          289,
          475
        ],
        [
          290,
          475
        ],
        [
          291,
          475
        ],
        [
          292,
          475
        ],
        [
          293,
          475
        ],
        [
          294,
          475
        ],
        [
          295,
          475
        ],
        [
          296,
          475
        ],
        [
          297,
          475
        ],
        [
          298,
          475
        ],
        [
          299,
          475
        ],
        [
          300,
          475
        ],
        [
          301,
          475
        ],
        [
          302,
          475
        ],
        [
          303,
          475
        ],
        [
          304,
          475
        ],
        [
          305,
          475
        ],
        [
          306,
          475
        ],
        [
          307,
          475
        ],
        [
          308,
          475
        ],
        [
          309,
          475
        ],
        [
          310,
          475
        ],
        [
          311,
          475
        ],
        [
          312,
          475
        ],
        [
          313,
          475
        ],
        [
          314,
          475
        ],
        [
          315,
          475
        ],
        [
          316,
          475
        ],
        [
          317,
          475
        ],
        [
          318,
          475
        ],
        [
          319,
          475
        ],
        [
          320,
          475
        ],
        [
          321,
          475
        ],
        [
          322,
          475
        ],
        [
          323,
          475
        ],
        [
          324,
          475
        ],
        [
          325,
          475
        ],
        [
          326,
          475
        ],
        [
          327,
          475
        ],
        [
          328,
          475
        ],
        [
          329,
          475
        ],
        [
          330,
          475
        ],
        [
          331,
          475
        ],
        [
          332,
          475
        ],
        [
          332,
          474
        ],
        [
          332,
          473
        ],
        [
          333,
          473
        ],
        [
          333,
          472
        ],
        [
          333,
          471
        ],
        [
          333,
          470
        ],
        [
          334,
          470
        ],
        [
          334,
          469
        ],
        [
          334,
          468
        ],
        [
          334,
          467
        ],
        [
          335,
          467
        ],
        [
          335,
          466
        ],
        [
          335,
          465
        ],
        [
          336,
          465
        ],
        [
          336,
          464
        ],
        [
          336,
          463
        ],
        [
          336,
          462
        ],
        [
          337,
          462
        ],
        [
          337,
          461
        ],
        [
          337,
          460
        ],
        [
          338,
          460
        ],
        [
          338,
          461
        ],
        [
          339,
          461
        ],
        [
          339,
          460
        ],
        [
          339,
          459
        ],
        [
          339,
          458
        ],
        [
          339,
          457
        ],
        [
          340,
          457
        ],
        [
          340,
          456
        ],
        [
          340,
          455
        ],
        [
          341,
          455
        ],
        [
          341,
          454
        ],
        [
          342,
          454
        ],
        [
          342,
          453
        ],
        [
          342,
          452
        ],
        [
          343,
          452
        ],
        [
          343,
          451
        ],
        [
          344,
          451
        ],
        [
          344,
          450
        ],
        [
          345,
          450
        ],
        [
          345,
          449
        ],
        [
          345,
          448
        ],
        [
          346,
          448
        ],
        [
          346,
          447
        ],
        [
          347,
          447
        ],
        [
          347,
          446
        ],
        [
          348,
          446
        ],
        [
          348,
          445
        ],
        [
          349,
          445
        ],
        [
          349,
          444
        ],
        [
          350,
          444
        ],
        [
          350,
          443
        ],
        [
          351,
          443
        ],
        [
          351,
          442
        ],
        [
          352,
          442
        ],
        [
          352,
          441
        ],
        [
          353,
          441
        ],
        [
          354,
          441
        ],
        [
          354,
          440
        ],
        [
          355,
          440
        ],
        [
          355,
          439
        ],
        [
          356,
          439
        ],
        [
          356,
          438
        ],
        [
          357,
          438
        ],
        [
          358,
          438
        ],
        [
          358,
          437
        ],
        [
          359,
          437
        ],
        [
          359,
          436
        ],
        [
          360,
          436
        ],
        [
          361,
          436
        ],
        [
          361,
          435
        ],
        [
          362,
          435
        ],
        [
          363,
          435
        ],
        [
          363,
          434
        ],
        [
          364,
          434
        ],
        [
          365,
          434
        ],
        [
          365,
          433
        ],
        [
          366,
          433
        ],
        [
          367,
          433
        ],
        [
          367,
          432
        ],
        [
          368,
          432
        ],
        [
          369,
          432
        ],
        [
          369,
          431
        ],
        [
          370,
          431
        ],
        [
          371,
          431
        ],
        [
          372,
          431
        ],
        [
          372,
          430
        ],
        [
          373,
          430
        ],
        [
          374,
          430
        ],
        [
          375,
          430
        ],
        [
          375,
          429
        ],
        [
          376,
          429
        ],
        [
          377,
          429
        ],
        [
          378,
          429
        ],
        [
          379,
          429
        ],
        [
          379,
          428
        ],
        [
          380,
          428
        ],
        [
          381,
          428
        ],
        [
          382,
          428
        ],
        [
          383,
          428
        ],
        [
          384,
          428
        ],
        [
          385,
          428
        ],
        [
          386,
          428
        ],
        [
          387,
          428
        ],
        [
          388,
          428
        ],
        [
          389,
          428
        ],
        [
          390,
          428
        ],
        [
          391,
          428
        ],
        [
          392,
          428
        ],
        [
          393,
          428
        ],
        [
          394,
          428
        ],
        [
          395,
          428
        ],
        [
          396,
          428
        ],
        [
          397,
          428
        ],
        [
          398,
          428
        ],
        [
          399,
          428
        ],
        [
          399,
          429
        ],
        [
          400,
          429
        ],
        [
          401,
          429
        ],
        [
          402,
          429
        ],
        [
          403,
          429
        ],
        [
          403,
          430
        ],
        [
          404,
          430
        ],
        [
          405,
          430
        ],
        [
          406,
          430
        ],
        [
          406,
          431
        ],
        [
          407,
          431
        ],
        [
          408,
          431
        ],
        [
          409,
          431
        ],
        [
          409,
          432
        ],
        [
          410,
          432
        ],
        [
          411,
          432
        ],
        [
          411,
          433
        ],
        [
          412,
          433
        ],
        [
          412,
          434
        ],
        [
          413,
          434
        ],
        [
          414,
          434
        ],
        [
          415,
          434
        ],
        [
          415,
          435
        ],
        [
          416,
          435
        ],
        [
          417,
          435
        ],
        [
          417,
          436
        ],
        [
          418,
          436
        ],
        [
          419,
          436
        ],
        [
          419,
          437
        ],
        [
          420,
          437
        ],
        [
          420,
          438
        ],
        [
          421,
          438
        ],
        [
          422,
          438
        ],
        [
          422,
          439
        ],
        [
          423,
          439
        ],
        [
          423,
          440
        ],
        [
          424,
          440
        ],
        [
          425,
          440
        ],
        [
          425,
          441
        ],
        [
          426,
          441
        ],
        [
          426,
          442
        ],
        [
          427,
          442
        ],
        [
          427,
          443
        ],
        [
          428,
          443
        ],
        [
          428,
          444
        ],
        [
          429,
          444
        ],
        [
          429,
          445
        ],
        [
          430,
          445
        ],
        [
          430,
          446
        ],
        [
          431,
          446
        ],
        [
          431,
          447
        ],
        [
          432,
          447
        ],
        [
          432,
          448
        ],
        [
          433,
          448
        ],
        [
          433,
          449
        ],
        [
          434,
          449
        ],
        [
          434,
          450
        ],
        [
          434,
          451
        ],
        [
          435,
          451
        ],
        [
          435,
          452
        ],
        [
          436,
          452
        ],
        [
          436,
          453
        ],
        [
          437,
          453
        ],
        [
          437,
          454
        ],
        [
          437,
          455
        ],
        [
          438,
          455
        ],
        [
          438,
          456
        ],
        [
          439,
          456
        ],
        [
          439,
          457
        ],
        [
          439,
          458
        ],
        [
          440,
          458
        ],
        [
          440,
          459
        ],
        [
          440,
          460
        ],
        [
          441,
          460
        ],
        [
          441,
          461
        ],
        [
          441,
          462
        ],
        [
          442,
          462
        ],
        [
          442,
          463
        ],
        [
          442,
          464
        ],
        [
          443,
          464
        ],
        [
          443,
          465
        ],
        [
          443,
          466
        ],
        [
          443,
          467
        ],
        [
          444,
          467
        ],
        [
          444,
          468
        ],
        [
          444,
          469
        ],
        [
          444,
          470
        ],
        [
          445,
          470
        ],
        [
          445,
          471
        ],
        [
          445,
          472
        ],
        [
          445,
          473
        ],
        [
          446,
          473
        ],
        [
          446,
          474
        ],
        [
          447,
          474
        ],
        [
          447,
          475
        ],
        [
          448,
          475
        ],
        [
          449,
          475
        ],
        [
          450,
          475
        ],
        [
          451,
          475
        ],
        [
          452,
          475
        ],
        [
          453,
          475
        ],
        [
          454,
          475
        ],
        [
          455,
          475
        ],
        [
          456,
          475
        ],
        [
          457,
          475
        ],
        [
          458,
          475
        ],
        [
          459,
          475
        ],
        [
          460,
          475
        ],
        [
          461,
          475
        ],
        [
          462,
          475
        ],
        [
          463,
          475
        ],
        [
          464,
          475
        ],
        [
          465,
          475
        ],
        [
          466,
          475
        ],
        [
          467,
          475
        ],
        [
          468,
          475
        ],
        [
          469,
          475
        ],
        [
          470,
          475
        ],
        [
          471,
          475
        ],
        [
          472,
          475
        ],
        [
          473,
          475
        ],
        [
          474,
          475
        ],
        [
          475,
          475
        ],
        [
          476,
          475
        ],
        [
          477,
          475
        ],
        [
          478,
          475
        ],
        [
          479,
          475
        ],
        [
          480,
          475
        ],
        [
          481,
          475
        ],
        [
          482,
          475
        ],
        [
          483,
          475
        ],
        [
          484,
          475
        ],
        [
          485,
          475
        ],
        [
          486,
          475
        ],
        [
          487,
          475
        ],
        [
          488,
          475
        ],
        [
          489,
          475
        ],
        [
          490,
          475
        ],
        [
          491,
          475
        ],
        [
          492,
          475
        ],
        [
          493,
          475
        ],
        [
          494,
          475
        ],
        [
          495,
          475
        ],
        [
          496,
          475
        ],
        [
          497,
          475
        ],
        [
          498,
          475
        ],
        [
          499,
          475
        ],
        [
          500,
          475
        ],
        [
          501,
          475
        ],
        [
          502,
          475
        ],
        [
          503,
          475
        ],
        [
          504,
          475
        ],
        [
          505,
          475
        ],
        [
          506,
          475
        ],
        [
          507,
          475
        ],
        [
          508,
          475
        ],
        [
          509,
          475
        ],
        [
          510,
          475
        ],
        [
          511,
          475
        ],
        [
          512,
          475
        ],
        [
          513,
          475
        ],
        [
          514,
          475
        ],
        [
          515,
          475
        ],
        [
          516,
          475
        ],
        [
          517,
          475
        ],
        [
          518,
          475
        ],
        [
          519,
          475
        ],
        [
          520,
          475
        ],
        [
          521,
          475
        ],
        [
          522,
          475
        ],
        [
          523,
          475
        ],
        [
          524,
          475
        ],
        [
          525,
          475
        ],
        [
          526,
          475
        ],
        [
          527,
          475
        ],
        [
          528,
          475
        ],
        [
          529,
          475
        ],
        [
          530,
          475
        ],
        [
          531,
          475
        ],
        [
          532,
          475
        ],
        [
          533,
          475
        ],
        [
          534,
          475
        ],
        [
          535,
          475
        ],
        [
          536,
          475
        ],
        [
          537,
          475
        ],
        [
          538,
          475
        ],
        [
          539,
          475
        ],
        [
          540,
          475
        ],
        [
          541,
          475
        ],
        [
          542,
          475
        ],
        [
          543,
          475
        ],
        [
          544,
          475
        ],
        [
          545,
          475
        ],
        [
          545,
          474
        ],
        [
          546,
          474
        ],
        [
          547,
          474
        ],
        [
          548,
          474
        ],
        [
          549,
          474
        ],
        [
          550,
          474
        ],
        [
          551,
          474
        ],
        [
          552,
          474
        ],
        [
          553,
          474
        ],
        [
          554,
          474
        ],
        [
          555,
          474
        ],
        [
          556,
          474
        ],
        [
          557,
          474
        ],
        [
          558,
          474
        ],
        [
          559,
          474
        ],
        [
          560,
          474
        ],
        [
          561,
          474
        ],
        [
          562,
          474
        ],
        [
          563,
          474
        ],
        [
          564,
          474
        ],
        [
          565,
          474
        ],
        [
          566,
          474
        ],
        [
          567,
          474
        ],
        [
          568,
          474
        ],
        [
          569,
          474
        ],
        [
          569,
          473
        ],
        [
          570,
          473
        ],
        [
          571,
          473
        ],
        [
          572,
          473
        ],
        [
          572,
          472
        ],
        [
          573,
          472
        ],
        [
          573,
          471
        ],
        [
          574,
          471
        ],
        [
          574,
          470
        ],
        [
          575,
          470
        ],
        [
          575,
          469
        ],
        [
          576,
          469
        ],
        [
          576,
          468
        ],
        [
          576,
          467
        ],
        [
          577,
          467
        ],
        [
          577,
          466
        ],
        [
          577,
          465
        ],
        [
          577,
          464
        ],
        [
          577,
          463
        ],
        [
          577,
          462
        ],
        [
          577,
          461
        ],
        [
          577,
          460
        ],
        [
          577,
          459
        ],
        [
          577,
          458
        ],
        [
          577,
          457
        ],
        [
          577,
          456
        ],
        [
          577,
          455
        ],
        [
          577,
          454
        ],
        [
          578,
          454
        ],
        [
          578,
          453
        ],
        [
          578,
          452
        ],
        [
          578,
          451
        ],
        [
          578,
          450
        ],
        [
          578,
          449
        ],
        [
          577,
          449
        ],
        [
          577,
          448
        ],
        [
          577,
          447
        ],
        [
          577,
          446
        ],
        [
          577,
          445
        ],
        [
          577,
          444
        ],
        [
          577,
          443
        ],
        [
          577,
          442
        ],
        [
          577,
          441
        ],
        [
          577,
          440
        ],
        [
          577,
          439
        ],
        [
          577,
          438
        ],
        [
          577,
          437
        ],
        [
          577,
          436
        ],
        [
          577,
          435
        ],
        [
          577,
          434
        ],
        [
          577,
          433
        ],
        [
          577,
          432
        ],
        [
          577,
          431
        ],
        [
          577,
          430
        ],
        [
          577,
          429
        ],
        [
          577,
          428
        ],
        [
          577,
          427
        ],
        [
          577,
          426
        ],
        [
          577,
          425
        ],
        [
          577,
          424
        ],
        [
          577,
          423
        ],
        [
          577,
          422
        ],
        [
          577,
          421
        ],
        [
          577,
          420
        ],
        [
          577,
          419
        ],
        [
          577,
          418
        ],
        [
          577,
          417
        ],
        [
          577,
          416
        ],
        [
          577,
          415
        ],
        [
          577,
          414
        ],
        [
          577,
          413
        ],
        [
          577,
          412
        ],
        [
          577,
          411
        ],
        [
          578,
          411
        ],
        [
          578,
          410
        ],
        [
          578,
          409
        ],
        [
          578,
          408
        ],
        [
          578,
          407
        ],
        [
          578,
          406
        ],
        [
          577,
          406
        ],
        [
          577,
          405
        ],
        [
          577,
          404
        ],
        [
          577,
          403
        ],
        [
          577,
          402
        ],
        [
          577,
          401
        ],
        [
          577,
          400
        ],
        [
          577,
          399
        ],
        [
          577,
          398
        ],
        [
          577,
          397
        ],
        [
          577,
          396
        ],
        [
          577,
          395
        ],
        [
          577,
          394
        ],
        [
          577,
          393
        ],
        [
          577,
          392
        ],
        [
          577,
          391
        ],
        [
          577,
          390
        ],
        [
          577,
          389
        ],
        [
          577,
          388
        ],
        [
          577,
          387
        ],
        [
          577,
          386
        ],
        [
          577,
          385
        ],
        [
          577,
          384
        ],
        [
          577,
          383
        ],
        [
          577,
          382
        ],
        [
          577,
          381
        ],
        [
          577,
          380
        ],
        [
          577,
          379
        ],
        [
          578,
          379
        ],
        [
          578,
          378
        ],
        [
          578,
          377
        ],
        [
          578,
          376
        ],
        [
          578,
          375
        ],
        [
          578,
          374
        ],
        [
          578,
          373
        ],
        [
          578,
          372
        ],
        [
          578,
          371
        ],
        [
          578,
          370
        ],
        [
          578,
          369
        ],
        [
          578,
          368
        ],
        [
          578,
          367
        ],
        [
          578,
          366
        ],
        [
          578,
          365
        ],
        [
          578,
          364
        ],
        [
          577,
          364
        ],
        [
          577,
          363
        ],
        [
          577,
          362
        ],
        [
          577,
          361
        ],
        [
          578,
          361
        ],
        [
          578,
          360
        ],
        [
          578,
          359
        ],
        [
          578,
          358
        ],
        [
          577,
          358
        ],
        [
          577,
          357
        ],
        [
          577,
          356
        ],
        [
          577,
          355
        ],
        [
          577,
          354
        ],
        [
          577,
          353
        ],
        [
          577,
          352
        ],
        [
          577,
          351
        ],
        [
          578,
          351
        ],
        [
          578,
          350
        ],
        [
          578,
          349
        ],
        [
          578,
          348
        ],
        [
          578,
          347
        ],
        [
          578,
          346
        ],
        [
          578,
          345
        ],
        [
          578,
          344
        ],
        [
          577,
          344
        ],
        [
          577,
          343
        ],
        [
          577,
          342
        ],
        [
          577,
          341
        ],
        [
          577,
          340
        ],
        [
          577,
          339
        ],
        [
          577,
          338
        ],
        [
          577,
          337
        ],
        [
          577,
          336
        ],
        [
          577,
          335
        ],
        [
          577,
          334
        ],
        [
          577,
          333
        ],
        [
          577,
          332
        ],
        [
          577,
          331
        ],
        [
          577,
          330
        ],
        [
          577,
          329
        ],
        [
          577,
          328
        ],
        [
          577,
          327
        ],
        [
          577,
          326
        ],
        [
          578,
          326
        ],
        [
          578,
          325
        ],
        [
          578,
          324
        ],
        [
          578,
          323
        ],
        [
          578,
          322
        ],
        [
          578,
          321
        ],
        [
          578,
          320
        ],
        [
          578,
          319
        ],
        [
          578,
          318
        ],
        [
          578,
          317
        ],
        [
          578,
          316
        ],
        [
          578,
          315
        ],
        [
          578,
          314
        ],
        [
          578,
          313
        ],
        [
          578,
          312
        ],
        [
          578,
          311
        ],
        [
          578,
          310
        ],
        [
          578,
          309
        ],
        [
          578,
          308
        ],
        [
          578,
          307
        ],
        [
          578,
          306
        ],
        [
          578,
          305
        ],
        [
          578,
          304
        ],
        [
          578,
          303
        ],
        [
          578,
          302
        ],
        [
          578,
          301
        ],
        [
          578,
          300
        ],
        [
          578,
          299
        ],
        [
          578,
          298
        ],
        [
          578,
          297
        ],
        [
          578,
          296
        ],
        [
          578,
          295
        ],
        [
          578,
          294
        ],
        [
          578,
          293
        ],
        [
          578,
          292
        ],
        [
          578,
          291
        ],
        [
          578,
          290
        ],
        [
          578,
          289
        ],
        [
          578,
          288
        ],
        [
          578,
          287
        ],
        [
          578,
          286
        ],
        [
          578,
          285
        ],
        [
          578,
          284
        ],
        [
          578,
          283
        ],
        [
          578,
          282
        ],
        [
          578,
          281
        ],
        [
          578,
          280
        ],
        [
          578,
          279
        ],
        [
          578,
          278
        ],
        [
          578,
          277
        ],
        [
          578,
          276
        ],
        [
          578,
          275
        ],
        [
          578,
          274
        ],
        [
          578,
          273
        ],
        [
          578,
          272
        ],
        [
          578,
          271
        ],
        [
          578,
          270
        ],
        [
          577,
          270
        ],
        [
          577,
          269
        ],
        [
          577,
          268
        ],
        [
          577,
          267
        ],
        [
          577,
          266
        ],
        [
          577,
          265
        ],
        [
          577,
          264
        ],
        [
          577,
          263
        ],
        [
          577,
          262
        ],
        [
          577,
          261
        ],
        [
          577,
          260
        ],
        [
          577,
          259
        ],
        [
          577,
          258
        ],
        [
          577,
          257
        ],
        [
          577,
          256
        ],
        [
          577,
          255
        ],
        [
          577,
          254
        ],
        [
          577,
          253
        ],
        [
          577,
          252
        ],
        [
          577,
          251
        ],
        [
          577,
          250
        ],
        [
          577,
          249
        ],
        [
          577,
          248
        ],
        [
          577,
          247
        ],
        [
          577,
          246
        ],
        [
          577,
          245
        ],
        [
          577,
          244
        ],
        [
          577,
          243
        ],
        [
          577,
          242
        ],
        [
          577,
          241
        ],
        [
          577,
          240
        ],
        [
          578,
          240
        ],
        [
          578,
          239
        ],
        [
          578,
          238
        ],
        [
          578,
          237
        ],
        [
          577,
          237
        ],
        [
          577,
          236
        ],
        [
          577,
          235
        ],
        [
          577,
          234
        ],
        [
          577,
          233
        ],
        [
          577,
          232
        ],
        [
          577,
          231
        ],
        [
          577,
          230
        ],
        [
          577,
          229
        ],
        [
          577,
          228
        ],
        [
          577,
          227
        ],
        [
          577,
          226
        ],
        [
          577,
          225
        ],
        [
          577,
          224
        ],
        [
          577,
          223
        ],
        [
          577,
          222
        ],
        [
          577,
          221
        ],
        [
          577,
          220
        ],
        [
          577,
          219
        ],
        [
          577,
          218
        ],
        [
          577,
          217
        ],
        [
          577,
          216
        ],
        [
          577,
          215
        ],
        [
          577,
          214
        ],
        [
          577,
          213
        ],
        [
          577,
          212
        ],
        [
          577,
          211
        ],
        [
          577,
          210
        ],
        [
          577,
          209
        ],
        [
          577,
          208
        ],
        [
          577,
          207
        ],
        [
          577,
          206
        ],
        [
          577,
          205
        ],
        [
          577,
          204
        ],
        [
          577,
          203
        ],
        [
          577,
          202
        ],
        [
          577,
          201
        ],
        [
          577,
          200
        ],
        [
          577,
          199
        ],
        [
          577,
          198
        ],
        [
          577,
          197
        ],
        [
          578,
          197
        ],
        [
          578,
          196
        ],
        [
          578,
          195
        ],
        [
          578,
          194
        ],
        [
          577,
          194
        ],
        [
          577,
          193
        ],
        [
          577,
          192
        ],
        [
          577,
          191
        ],
        [
          577,
          190
        ],
        [
          577,
          189
        ],
        [
          577,
          188
        ],
        [
          577,
          187
        ],
        [
          577,
          186
        ],
        [
          577,
          185
        ],
        [
          577,
          184
        ],
        [
          577,
          183
        ],
        [
          576,
          183
        ],
        [
          576,
          182
        ],
        [
          576,
          181
        ],
        [
          575,
          181
        ],
        [
          575,
          180
        ],
        [
          575,
          179
        ],
        [
          574,
          179
        ],
        [
          574,
          178
        ],
        [
          573,
          178
        ],
        [
          572,
          178
        ],
        [
          572,
          177
        ],
        [
          571,
          177
        ],
        [
          570,
          177
        ],
        [
          569,
          177
        ],
        [
          569,
          176
        ],
        [
          568,
          176
        ],
        [
          567,
          176
        ],
        [
          566,
          176
        ],
        [
          565,
          176
        ],
        [
          564,
          176
        ],
        [
          563,
          176
        ],
        [
          562,
          176
        ],
        [
          561,
          176
        ],
        [
          560,
          176
        ],
        [
          559,
          176
        ],
        [
          558,
          176
        ],
        [
          557,
          176
        ],
        [
          556,
          176
        ],
        [
          555,
          176
        ],
        [
          555,
          175
        ],
        [
          554,
          175
        ],
        [
          553,
          175
        ],
        [
          553,
          176
        ],
        [
          552,
          176
        ],
        [
          551,
          176
        ],
        [
          550,
          176
        ],
        [
          549,
          176
        ],
        [
          548,
          176
        ],
        [
          547,
          176
        ],
        [
          546,
          176
        ],
        [
          545,
          176
        ],
        [
          544,
          176
        ],
        [
          543,
          176
        ],
        [
          542,
          176
        ],
        [
          541,
          176
        ],
        [
          540,
          176
        ],
        [
          539,
          176
        ],
        [
          538,
          176
        ],
        [
          537,
          176
        ],
        [
          536,
          176
        ],
        [
          535,
          176
        ],
        [
          534,
          176
        ],
        [
          533,
          176
        ],
        [
          532,
          176
        ],
        [
          531,
          176
        ],
        [
          530,
          176
        ],
        [
          529,
          176
        ],
        [
          528,
          176
        ],
        [
          527,
          176
        ],
        [
          526,
          176
        ],
        [
          525,
          176
        ],
        [
          524,
          176
        ],
        [
          523,
          176
        ],
        [
          522,
          176
        ],
        [
          521,
          176
        ],
        [
          520,
          176
        ],
        [
          519,
          176
        ],
        [
          518,
          176
        ],
        [
          517,
          176
        ],
        [
          516,
          176
        ],
        [
          515,
          176
        ],
        [
          514,
          176
        ],
        [
          513,
          176
        ],
        [
          512,
          176
        ],
        [
          511,
          176
        ],
        [
          510,
          176
        ],
        [
          509,
          176
        ],
        [
          508,
          176
        ],
        [
          507,
          176
        ],
        [
          506,
          176
        ],
        [
          505,
          176
        ],
        [
          504,
          176
        ],
        [
          503,
          176
        ],
        [
          502,
          176
        ],
        [
          501,
          176
        ],
        [
          500,
          176
        ],
        [
          499,
          176
        ],
        [
          498,
          176
        ],
        [
          497,
          176
        ],
        [
          496,
          176
        ],
        [
          495,
          176
        ],
        [
          494,
          176
        ],
        [
          493,
          176
        ],
        [
          492,
          176
        ],
        [
          491,
          176
        ],
        [
          490,
          176
        ],
        [
          489,
          176
        ],
        [
          488,
          176
        ],
        [
          487,
          176
        ],
        [
          486,
          176
        ],
        [
          485,
          176
        ],
        [
          484,
          176
        ],
        [
          483,
          176
        ],
        [
          482,
          176
        ],
        [
          481,
          176
        ],
        [
          480,
          176
        ],
        [
          479,
          176
        ],
        [
          478,
          176
        ],
        [
          477,
          176
        ],
        [
          476,
          176
        ],
        [
          475,
          176
        ],
        [
          474,
          176
        ],
        [
          473,
          176
        ],
        [
          472,
          176
        ],
        [
          471,
          176
        ],
        [
          470,
          176
        ],
        [
          469,
          176
        ],
        [
          468,
          176
        ],
        [
          467,
          176
        ],
        [
          466,
          176
        ],
        [
          465,
          176
        ],
        [
          464,
          176
        ],
        [
          463,
          176
        ],
        [
          462,
          176
        ],
        [
          461,
          176
        ],
        [
          460,
          176
        ],
        [
          459,
          176
        ],
        [
          458,
          176
        ],
        [
          457,
          176
        ],
        [
          456,
          176
        ],
        [
          455,
          176
        ],
        [
          454,
          176
        ],
        [
          453,
          176
        ],
        [
          452,
          176
        ],
        [
          451,
          176
        ],
        [
          451,
          175
        ],
        [
          450,
          175
        ],
        [
          449,
          175
        ],
        [
          448,
          175
        ],
        [
          448,
          176
        ],
        [
          447,
          176
        ],
        [
          446,
          176
        ],
        [
          445,
          176
        ],
        [
          444,
          176
        ],
        [
          443,
          176
        ],
        [
          442,
          176
        ],
        [
          441,
          176
        ],
        [
          440,
          176
        ],
        [
          439,
          176
        ],
        [
          438,
          176
        ],
        [
          437,
          176
        ],
        [
          436,
          176
        ],
        [
          435,
          176
        ],
        [
          434,
          176
        ],
        [
          433,
          176
        ],
        [
          432,
          176
        ],
        [
          431,
          176
        ],
        [
          430,
          176
        ],
        [
          429,
          176
        ],
        [
          428,
          176
        ],
        [
          427,
          176
        ],
        [
          426,
          176
        ],
        [
          425,
          176
        ],
        [
          424,
          176
        ],
        [
          423,
          176
        ],
        [
          422,
          176
        ],
        [
          421,
          176
        ],
        [
          420,
          176
        ],
        [
          419,
          176
        ],
        [
          418,
          176
        ],
        [
          417,
          176
        ],
        [
          416,
          176
        ],
        [
          415,
          176
        ],
        [
          414,
          176
        ],
        [
          413,
          176
        ],
        [
          412,
          176
        ],
        [
          411,
          176
        ],
        [
          410,
          176
        ],
        [
          409,
          176
        ],
        [
          408,
          176
        ],
        [
          407,
          176
        ],
        [
          406,
          176
        ],
        [
          405,
          176
        ],
        [
          404,
          176
        ],
        [
          403,
          176
        ],
        [
          402,
          176
        ],
        [
          401,
          176
        ],
        [
          400,
          176
        ],
        [
          399,
          176
        ],
        [
          398,
          176
        ],
        [
          397,
          176
        ],
        [
          396,
          176
        ],
        [
          395,
          176
        ],
        [
          394,
          176
        ],
        [
          393,
          176
        ],
        [
          392,
          176
        ],
        [
          391,
          176
        ],
        [
          390,
          176
        ],
        [
          389,
          176
        ],
        [
          388,
          176
        ],
        [
          387,
          176
        ],
        [
          386,
          176
        ],
        [
          385,
          176
        ],
        [
          384,
          176
        ],
        [
          383,
          176
        ],
        [
          382,
          176
        ],
        [
          381,
          176
        ],
        [
          380,
          176
        ],
        [
          379,
          176
        ],
        [
          378,
          176
        ],
        [
          377,
          176
        ],
        [
          376,
          176
        ],
        [
          375,
          176
        ],
        [
          374,
          176
        ],
        [
          373,
          176
        ],
        [
          372,
          176
        ],
        [
          371,
          176
        ],
        [
          370,
          176
        ],
        [
          369,
          176
        ],
        [
          368,
          176
        ],
        [
          367,
          176
        ],
        [
          366,
          176
        ],
        [
          365,
          176
        ],
        [
          364,
          176
        ],
        [
          363,
          176
        ],
        [
          362,
          176
        ],
        [
          361,
          176
        ],
        [
          360,
          176
        ],
        [
          359,
          176
        ],
        [
          358,
          176
        ],
        [
          357,
          176
        ],
        [
          356,
          176
        ],
        [
          355,
          176
        ],
        [
          354,
          176
        ],
        [
          353,
          176
        ],
        [
          352,
          176
        ],
        [
          351,
          176
        ],
        [
          351,
          177
        ],
        [
          350,
          177
        ],
        [
          350,
          176
        ],
        [
          349,
          176
        ],
        [
          348,
          176
        ],
        [
          347,
          176
        ],
        [
          346,
          176
        ],
        [
          345,
          176
        ],
        [
          344,
          176
        ],
        [
          344,
          177
        ],
        [
          343,
          177
        ],
        [
          342,
          177
        ],
        [
          341,
          177
        ],
        [
          340,
          177
        ],
        [
          339,
          177
        ],
        [
          338,
          177
        ],
        [
          337,
          177
        ],
        [
          336,
          177
        ],
        [
          335,
          177
        ],
        [
          334,
          177
        ],
        [
          333,
          177
        ],
        [
          332,
          177
        ],
        [
          331,
          177
        ],
        [
          330,
          177
        ],
        [
          329,
          177
        ],
        [
          328,
          177
        ],
        [
          327,
          177
        ],
        [
          326,
          177
        ],
        [
          326,
          176
        ],
        [
          325,
          176
        ],
        [
          324,
          176
        ],
        [
          323,
          176
        ],
        [
          322,
          176
        ],
        [
          321,
          176
        ],
        [
          320,
          176
        ],
        [
          319,
          176
        ],
        [
          318,
          176
        ],
        [
          317,
          176
        ],
        [
          316,
          176
        ],
        [
          315,
          176
        ],
        [
          314,
          176
        ],
        [
          313,
          176
        ],
        [
          312,
          176
        ],
        [
          311,
          176
        ],
        [
          310,
          176
        ],
        [
          309,
          176
        ],
        [
          308,
          176
        ],
        [
          307,
          176
        ],
        [
          306,
          176
        ],
        [
          305,
          176
        ],
        [
          304,
          176
        ],
        [
          303,
          176
        ],
        [
          302,
          176
        ],
        [
          301,
          176
        ],
        [
          300,
          176
        ],
        [
          299,
          176
        ],
        [
          298,
          176
        ],
        [
          297,
          176
        ],
        [
          296,
          176
        ],
        [
          296,
          177
        ],
        [
          295,
          177
        ],
        [
          295,
          176
        ],
        [
          294,
          176
        ],
        [
          293,
          176
        ],
        [
          292,
          176
        ],
        [
          291,
          176
        ],
        [
          290,
          176
        ],
        [
          289,
          176
        ],
        [
          288,
          176
        ],
        [
          287,
          176
        ],
        [
          286,
          176
        ],
        [
          285,
          176
        ],
        [
          284,
          176
        ],
        [
          283,
          176
        ],
        [
          282,
          176
        ],
        [
          281,
          176
        ],
        [
          280,
          176
        ],
        [
          279,
          176
        ],
        [
          278,
          176
        ],
        [
          277,
          176
        ],
        [
          276,
          176
        ],
        [
          275,
          176
        ],
        [
          274,
          176
        ],
        [
          273,
          176
        ],
        [
          272,
          176
        ],
        [
          271,
          176
        ],
        [
          270,
          176
        ],
        [
          269,
          176
        ],
        [
          268,
          176
        ],
        [
          267,
          176
        ],
        [
          266,
          176
        ],
        [
          265,
          176
        ],
        [
          264,
          176
        ],
        [
          263,
          176
        ],
        [
          262,
          176
        ],
        [
          261,
          176
        ],
        [
          260,
          176
        ],
        [
          259,
          176
        ],
        [
          258,
          176
        ],
        [
          257,
          176
        ],
        [
          256,
          176
        ],
        [
          255,
          176
        ],
        [
          254,
          176
        ],
        [
          253,
          176
        ],
        [
          252,
          176
        ],
        [
          251,
          176
        ],
        [
          250,
          176
        ],
        [
          249,
          176
        ],
        [
          248,
          176
        ],
        [
          247,
          176
        ],
        [
          246,
          176
        ],
        [
          245,
          176
        ],
        [
          244,
          176
        ],
        [
          243,
          176
        ],
        [
          242,
          176
        ],
        [
          241,
          176
        ],
        [
          240,
          176
        ],
        [
          239,
          176
        ],
        [
          238,
          176
        ],
        [
          237,
          176
        ],
        [
          236,
          176
        ],
        [
          235,
          176
        ],
        [
          234,
          176
        ],
        [
          233,
          176
        ],
        [
          232,
          176
        ],
        [
          231,
          176
        ],
        [
          230,
          176
        ],
        [
          229,
          176
        ],
        [
          228,
          176
        ],
        [
          227,
          176
        ],
        [
          226,
          176
        ],
        [
          225,
          176
        ],
        [
          224,
          176
        ],
        [
          223,
          176
        ],
        [
          222,
          176
        ],
        [
          221,
          176
        ],
        [
          220,
          176
        ],
        [
          219,
          176
        ],
        [
          218,
          176
        ],
        [
          217,
          176
        ],
        [
          216,
          176
        ],
        [
          215,
          176
        ],
        [
          214,
          176
        ],
        [
          213,
          176
        ],
        [
          212,
          176
        ],
        [
          211,
          176
        ],
        [
          210,
          176
        ]
      ]
    }
  ]
}