{
  "image": "incubatrice.png",
  "width": 1785,
  "height": 1004,
  "alpha_threshold": 1,
  "polygons": [
    {
      "type": "outer",
      "points": [
        [
          412,
          620
        ],
        [
          413,
          620
        ],
        [
          414,
          620
        ],
        [
          415,
          620
        ],
        [
          416,
          620
        ],
        [
          417,
          620
        ],
        [
          418,
          620
        ],
        [
          419,
          620
        ],
        [
          420,
          620
        ],
        [
          421,
          620
        ],
        [
          422,
          620
        ],
        [
          423,
          620
        ],
        [
          424,
          620
        ],
        [
          425,
          620
        ],
        [
          426,
          620
        ],
        [
          427,
          620
        ],
        [
          428,
          620
        ],
        [
          429,
          620
        ],
        [
          430,
          620
        ],
        [
          431,
          620
        ],
        [
          432,
          620
        ],
        [
          433,
          620
        ],
        [
          434,
          620
        ],
        [
          435,
          620
        ],
        [
          436,
          620
        ],
        [
          437,
          620
        ],
        [
          438,
          620
        ],
        [
          439,
          620
        ],
        [
          440,
          620
        ],
        [
          441,
          620
        ],
        [
          442,
          620
        ],
        [
          443,
          620
        ],
        [
          444,
          620
        ],
        [
          445,
          620
        ],
        [
          446,
          620
        ],
        [
          447,
          620
        ],
        [
          448,
          620
        ],
        [
          449,
          620
        ],
        [
          450,
          620
        ],
        [
          451,
          620
        ],
        [
          452,
          620
        ],
        [
          453,
          620
        ],
        [
          454,
          620
        ],
        [
          455,
          620
        ],
        [
          455,
          619
        ],
        [
          456,
          619
        ],
        [
          457,
          619
        ],
        [
          457,
          618
        ],
        [
          457,
          617
        ],
        [
          458,
          617
        ],
        [
          458,
          616
        ],
        [
          457,
          616
        ],
        [
          457,
          615
        ],
        [
          457,
          614
        ],
        [
          456,
          614
        ],
        [
          455,
          614
        ],
        [
          455,
          613
        ],
        [
          454,
          613
        ],
        [
          453,
          613
        ],
        [
          452,
          613
        ],
        [
          451,
          613
        ],
        [
          450,
          613
        ],
        [
          450,
          612
        ],
        [
          450,
          611
        ],
        [
          450,
          610
        ],
        [
          450,
          609
        ],
        [
          450,
          608
        ],
        [
          450,
          607
        ],
        [
          450,
          606
        ],
        [
          450,
          605
        ],
        [
          450,
          604
        ],
        [
          450,
          603
        ],
        [
          450,
          602
        ],
        [
          450,
          601
        ],
        [
          450,
          600
        ],
        [
          450,
          599
        ],
        [
          450,
          598
        ],
        [
          450,
          597
        ],
        [
          450,
          596
        ],
        [
          450,
          595
        ],
        [
          450,
          594
        ],
        [
          450,
          593
        ],
        [
          450,
          592
        ],
        [
          450,
          591
        ],
        [
          450,
          590
        ],
        [
          450,
          589
        ],
        [
          450,
          588
        ],
        [
          450,
          587
        ],
        [
          450,
          586
        ],
        [
          450,
          585
        ],
        [
          450,
          584
        ],
        [
          450,
          583
        ],
        [
          450,
          582
        ],
        [
          450,
          581
        ],
        [
          450,
          580
        ],
        [
          450,
          579
        ],
        [
          450,
          578
        ],
        [
          450,
          577
        ],
        [
          450,
          576
        ],
        [
          450,
          575
        ],
        [
          451,
          575
        ],
        [
          451,
          574
        ],
        [
          452,
          574
        ],
        [
          453,
          574
        ],
        [
          453,
          573
        ],
        [
          454,
          573
        ],
        [
          455,
          573
        ],
        [
          455,
          572
        ],
        [
          456,
          572
        ],
        [
          456,
          571
        ],
        [
          457,
          571
        ],
        [
          457,
          570
        ],
        [
          457,
          569
        ],
        [
          457,
          568
        ],
        [
          457,
          567
        ],
        [
          458,
          567
        ],
        [
          458,
          566
        ],
        [
          458,
          565
        ],
        [
          458,
          564
        ],
        [
          458,
          563
        ],
        [
          458,
          562
        ],
        [
          458,
          561
        ],
        [
          457,
          561
        ],
        [
          457,
          560
        ],
        [
          457,
          559
        ],
        [
          457,
          558
        ],
        [
          457,
          557
        ],
        [
          456,
          557
        ],
        [
          456,
          556
        ],
        [
          455,
          556
        ],
        [
          455,
          555
        ],
        [
          454,
          555
        ],
        [
          454,
          554
        ],
        [
          453,
          554
        ],
        [
          452,
          554
        ],
        [
          452,
          553
        ],
        [
          451,
          553
        ],
        [
          450,
          553
        ],
        [
          449,
          553
        ],
        [
          449,
          552
        ],
        [
          448,
          552
        ],
        [
          448,
          551
        ],
        [
          448,
          550
        ],
        [
          448,
          549
        ],
        [
          448,
          548
        ],
        [
          448,
          547
        ],
        [
          448,
          546
        ],
        [
          448,
          545
        ],
        [
          448,
          544
        ],
        [
          448,
          543
        ],
        [
          448,
          542
        ],
        [
          448,
          541
        ],
        [
          448,
          540
        ],
        [
          448,
          539
        ],
        [
          448,
          538
        ],
        [
          448,
          537
        ],
        [
          448,
          536
        ],
        [
          448,
          535
        ],
        [
          448,
          534
        ],
        [
          448,
          533
        ],
        [
          448,
          532
        ],
        [
          448,
          531
        ],
        [
          448,
          530
        ],
        [
          448,
          529
        ],
        [
          448,
          528
        ],
        [
          448,
          527
        ],
        [
          448,
          526
        ],
        [
          448,
          525
        ],
        [
          448,
          524
        ],
        [
          448,
          523
        ],
        [
          448,
          522
        ],
        [
          448,
          521
        ],
        [
          448,
          520
        ],
        [
          448,
          519
        ],
        [
          448,
          518
        ],
        [
          448,
          517
        ],
        [
          448,
          516
        ],
        [
          448,
          515
        ],
        [
          448,
          514
        ],
        [
          448,
          513
        ],
        [
          448,
          512
        ],
        [
          448,
          511
        ],
        [
          448,
          510
        ],
        [
          448,
          509
        ],
        [
          448,
          508
        ],
        [
          448,
          507
        ],
        [
          448,
          506
        ],
        [
          448,
          505
        ],
        [
          448,
          504
        ],
        [
          448,
          503
        ],
        [
          448,
          502
        ],
        [
          448,
          501
        ],
        [
          448,
          500
        ],
        [
          448,
          499
        ],
        [
          448,
          498
        ],
        [
          448,
          497
        ],
        [
          448,
          496
        ],
        [
          448,
          495
        ],
        [
          448,
          494
        ],
        [
          448,
          493
        ],
        [
          448,
          492
        ],
        [
          448,
          491
        ],
        [
          448,
          490
        ],
        [
          448,
          489
        ],
        [
          448,
          488
        ],
        [
          448,
          487
        ],
        [
          448,
          486
        ],
        [
          448,
          485
        ],
        [
          448,
          484
        ],
        [
          448,
          483
        ],
        [
          448,
          482
        ],
        [
          448,
          481
        ],
        [
          448,
          480
        ],
        [
          448,
          479
        ],
        [
          448,
          478
        ],
        [
          448,
          477
        ],
        [
          448,
          476
        ],
        [
          447,
          476
        ],
        [
          447,
          475
        ],
        [
          447,
          474
        ],
        [
          447,
          473
        ],
        [
          447,
          472
        ],
        [
          447,
          471
        ],
        [
          447,
          470
        ],
        [
          446,
          470
        ],
        [
          446,
          469
        ],
        [
          446,
          468
        ],
        [
          446,
          467
        ],
        [
          445,
          467
        ],
        [
          445,
          466
        ],
        [
          445,
          465
        ],
        [
          445,
          464
        ],
        [
          444,
          464
        ],
        [
          444,
          463
        ],
        [
          444,
          462
        ],
        [
          443,
          462
        ],
        [
          443,
          461
        ],
        [
          443,
          460
        ],
        [
          442,
          460
        ],
        [
          442,
          459
        ],
        [
          442,
          458
        ],
        [
          441,
          458
        ],
        [
          441,
          457
        ],
        [
          441,
          456
        ],
        [
          440,
          456
        ],
        [
          440,
          455
        ],
        [
          440,
          454
        ],
        [
          439,
          454
        ],
        [
          439,
          453
        ],
        [
          438,
          453
        ],
        [
          438,
          452
        ],
        [
          438,
          451
        ],
        [
          437,
          451
        ],
        [
          437,
          450
        ],
        [
          436,
          450
        ],
        [
          436,
          449
        ],
        [
          436,
          448
        ],
        [
          435,
          448
        ],
        [
          435,
          447
        ],
        [
          434,
          447
        ],
        [
          434,
          446
        ],
        [
          433,
          446
        ],
        [
          433,
          445
        ],
        [
          432,
          445
        ],
        [
          432,
          444
        ],
        [
          431,
          444
        ],
        [
          431,
          443
        ],
        [
          430,
          443
        ],
        [
          430,
          442
        ],
        [
          429,
          442
        ],
        [
          429,
          441
        ],
        [
          428,
          441
        ],
        [
          428,
          440
        ],
        [
          427,
          440
        ],
        [
          427,
          439
        ],
        [
          426,
          439
        ],
        [
          425,
          439
        ],
        [
          425,
          438
        ],
        [
          424,
          438
        ],
        [
          424,
          437
        ],
        [
          423,
          437
        ],
        [
          423,
          436
        ],
        [
          422,
          436
        ],
        [
          421,
          436
        ],
        [
          421,
          435
        ],
        [
          420,
          435
        ],
        [
          420,
          434
        ],
        [
          419,
          434
        ],
        [
          418,
          434
        ],
        [
          418,
          433
        ],
        [
          417,
          433
        ],
        [
          416,
          433
        ],
        [
          416,
          432
        ],
        [
          415,
          432
        ],
        [
          414,
          432
        ],
        [
          414,
          431
        ],
        [
          413,
          431
        ],
        [
          412,
          431
        ],
        [
          411,
          431
        ],
        [
          411,
          430
        ],
        [
          410,
          430
        ],
        [
          409,
          430
        ],
        [
          409,
          429
        ],
        [
          408,
          429
        ],
        [
          407,
          429
        ],
        [
          406,
          429
        ],
        [
          405,
          429
        ],
        [
          405,
          428
        ],
        [
          404,
          428
        ],
        [
          403,
          428
        ],
        [
          402,
          428
        ],
        [
          401,
          428
        ],
        [
          401,
          427
        ],
        [
          400,
          427
        ],
        [
          399,
          427
        ],
        [
          398,
          427
        ],
        [
          397,
          427
        ],
        [
          396,
          427
        ],
        [
          395,
          427
        ],
        [
          394,
          427
        ],
        [
          393,
          427
        ],
        [
          392,
          427
        ],
        [
          392,
          426
        ],
        [
          391,
          426
        ],
        [
          390,
          426
        ],
        [
          389,
          426
        ],
        [
          388,
          426
        ],
        [
          387,
          426
        ],
        [
          387,
          427
        ],
        [
          386,
          427
        ],
        [
          385,
          427
        ],
        [
          384,
          427
        ],
        [
          383,
          427
        ],
        [
          382,
          427
        ],
        [
          381,
          427
        ],
        [
          380,
          427
        ],
        [
          379,
          427
        ],
        [
          378,
          427
        ],
        [
          377,
          427
        ],
        [
          377,
          428
        ],
        [
          376,
          428
        ],
        [
          375,
          428
        ],
        [
          374,
          428
        ],
        [
          373,
          428
        ],
        [
          373,
          429
        ],
        [
          372,
          429
        ],
        [
          371,
          429
        ],
        [
          370,
          429
        ],
        [
          370,
          430
        ],
        [
          369,
          430
        ],
        [
          368,
          430
        ],
        [
          367,
          430
        ],
        [
          367,
          431
        ],
        [
          366,
          431
        ],
        [
          365,
          431
        ],
        [
          364,
          431
        ],
        [
          364,
          432
        ],
        [
          363,
          432
        ],
        [
          362,
          432
        ],
        [
          362,
          433
        ],
        [
          361,
          433
        ],
        [
          360,
          433
        ],
        [
          360,
          434
        ],
        [
          359,
          434
        ],
        [
          359,
          435
        ],
        [
          358,
          435
        ],
        [
          357,
          435
        ],
        [
          357,
          436
        ],
        [
          356,
          436
        ],
        [
          355,
          436
        ],
        [
          355,
          437
        ],
        [
          354,
          437
        ],
        [
          354,
          438
        ],
        [
          353,
          438
        ],
        [
          353,
          439
        ],
        [
          352,
          439
        ],
        [
          352,
          440
        ],
        [
          351,
          440
        ],
        [
          350,
          440
        ],
        [
          350,
          441
        ],
        [
          349,
          441
        ],
        [
          349,
          442
        ],
        [
          348,
          442
        ],
        [
          348,
          443
        ],
        [
          347,
          443
        ],
        [
          347,
          444
        ],
        [
          346,
          444
        ],
        [
          346,
          445
        ],
        [
          345,
          445
        ],
        [
          345,
          446
        ],
        [
          344,
          446
        ],
        [
          344,
          447
        ],
        [
          344,
          448
        ],
        [
          343,
          448
        ],
        [
          343,
          449
        ],
        [
          342,
          449
        ],
        [
          342,
          450
        ],
        [
          341,
          450
        ],
        [
          341,
          451
        ],
        [
          340,
          451
        ],
        [
          340,
          452
        ],
        [
          340,
          453
        ],
        [
          339,
          453
        ],
        [
          339,
          454
        ],
        [
          338,
          454
        ],
        [
          338,
          455
        ],
        [
          338,
          456
        ],
        [
          337,
          456
        ],
        [
          337,
          457
        ],
        [
          337,
          458
        ],
        [
          336,
          458
        ],
        [
          336,
          459
        ],
        [
          336,
          460
        ],
        [
          335,
          460
        ],
        [
          335,
          461
        ],
        [
          335,
          462
        ],
        [
          334,
          462
        ],
        [
          334,
          463
        ],
        [
          334,
          464
        ],
        [
          334,
          465
        ],
        [
          333,
          465
        ],
        [
          333,
          466
        ],
        [
          333,
          467
        ],
        [
          333,
          468
        ],
        [
          332,
          468
        ],
        [
          332,
          469
        ],
        [
          332,
          470
        ],
        [
          332,
          471
        ],
        [
          332,
          472
        ],
        [
          331,
          472
        ],
        [
          331,
          473
        ],
        [
          331,
          474
        ],
        [
          331,
          475
        ],
        [
          331,
          476
        ],
        [
          331,
          477
        ],
        [
          330,
          477
        ],
        [
          330,
          478
        ],
        [
          330,
          479
        ],
        [
          330,
          480
        ],
        [
          330,
          481
        ],
        [
          330,
          482
        ],
        [
          330,
          483
        ],
        [
          330,
          484
        ],
        [
          330,
          485
        ],
        [
          330,
          486
        ],
        [
          330,
          487
        ],
        [
          330,
          488
        ],
        [
          330,
          489
        ],
        [
          330,
          490
        ],
        [
          330,
          491
        ],
        [
          330,
          492
        ],
        [
          330,
          493
        ],
        [
          330,
          494
        ],
        [
          330,
          495
        ],
        [
          330,
          496
        ],
        [
          330,
          497
        ],
        [
          330,
          498
        ],
        [
          330,
          499
        ],
        [
          330,
          500
        ],
        [
          330,
          501
        ],
        [
          330,
          502
        ],
        [
          330,
          503
        ],
        [
          330,
          504
        ],
        [
          330,
          505
        ],
        [
          330,
          506
        ],
        [
          330,
          507
        ],
        [
          330,
          508
        ],
        [
          330,
          509
        ],
        [
          330,
          510
        ],
        [
          330,
          511
        ],
        [
          330,
          512
        ],
        [
          330,
          513
        ],
        [
          330,
          514
        ],
        [
          330,
          515
        ],
        [
          330,
          516
        ],
        [
          330,
          517
        ],
        [
          330,
          518
        ],
        [
          330,
          519
        ],
        [
          330,
          520
        ],
        [
          330,
          521
        ],
        [
          330,
          522
        ],
        [
          330,
          523
        ],
        [
          330,
          524
        ],
        [
          330,
          525
        ],
        [
          330,
          526
        ],
        [
          330,
          527
        ],
        [
          330,
          528
        ],
        [
          330,
          529
        ],
        [
          330,
          530
        ],
        [
          330,
          531
        ],
        [
          330,
          532
        ],
        [
          330,
          533
        ],
        [
          330,
          534
        ],
        [
          330,
          535
        ],
        [
          330,
          536
        ],
        [
          330,
          537
        ],
        [
          330,
          538
        ],
        [
          330,
          539
        ],
        [
          330,
          540
        ],
        [
          330,
          541
        ],
        [
          330,
          542
        ],
        [
          330,
          543
        ],
        [
          330,
          544
        ],
        [
          330,
          545
        ],
        [
          330,
          546
        ],
        [
          330,
          547
        ],
        [
          330,
          548
        ],
        [
          330,
          549
        ],
        [
          330,
          550
        ],
        [
          330,
          551
        ],
        [
          330,
          552
        ],
        [
          329,
          552
        ],
        [
          329,
          553
        ],
        [
          328,
          553
        ],
        [
          327,
          553
        ],
        [
          326,
          553
        ],
        [
          326,
          554
        ],
        [
          325,
          554
        ],
        [
          324,
          554
        ],
        [
          324,
          555
        ],
        [
          323,
          555
        ],
        [
          323,
          556
        ],
        [
          322,
          556
        ],
        [
          322,
          557
        ],
        [
          321,
          557
        ],
        [
          321,
          558
        ],
        [
          321,
          559
        ],
        [
          321,
          560
        ],
        [
          321,
          561
        ],
        [
          320,
          561
        ],
        [
          320,
          562
        ],
        [
          320,
          563
        ],
        [
          320,
          564
        ],
        [
          320,
          565
        ],
        [
          320,
          566
        ],
        [
          321,
          566
        ],
        [
          321,
          567
        ],
        [
          321,
          568
        ],
        [
          321,
          569
        ],
        [
          321,
          570
        ],
        [
          322,
          570
        ],
        [
          322,
          571
        ],
        [
          322,
          572
        ],
        [
          323,
          572
        ],
        [
          323,
          573
        ],
        [
          324,
          573
        ],
        [
          325,
          573
        ],
        [
          325,
          574
        ],
        [
          326,
          574
        ],
        [
          327,
          574
        ],
        [
          327,
          575
        ],
        [
          328,
          575
        ],
        [
          328,
          576
        ],
        [
          328,
          577
        ],
        [
          328,
          578
        ],
        [
          328,
          579
        ],
        [
          328,
          580
        ],
        [
          328,
          581
        ],
        [
          328,
          582
        ],
        [
          328,
          583
        ],
        [
          328,
          584
        ],
        [
          328,
          585
        ],
        [
          328,
          586
        ],
        [
          328,
          587
        ],
        [
          328,
          588
        ],
        [
          328,
          589
        ],
        [
          328,
          590
        ],
        [
          328,
          591
        ],
        [
          328,
          592
        ],
        [
          328,
          593
        ],
        [
          328,
          594
        ],
        [
          328,
          595
        ],
        [
          328,
          596
        ],
        [
          328,
          597
        ],
        [
          328,
          598
        ],
        [
          328,
          599
        ],
        [
          328,
          600
        ],
        [
          328,
          601
        ],
        [
          328,
          602
        ],
        [
          328,
          603
        ],
        [
          328,
          604
        ],
        [
          328,
          605
        ],
        [
          328,
          606
        ],
        [
          328,
          607
        ],
        [
          328,
          608
        ],
        [
          328,
          609
        ],
        [
          328,
          610
        ],
        [
          328,
          611
        ],
        [
          328,
          612
        ],
        [
          327,
          612
        ],
        [
          327,
          613
        ],
        [
          326,
          613
        ],
        [
          325,
          613
        ],
        [
          324,
          613
        ],
        [
          323,
          613
        ],
        [
          323,
          614
        ],
        [
          322,
          614
        ],
        [
          321,
          614
        ],
        [
          321,
          615
        ],
        [
          321,
          616
        ],
        [
          320,
          616
        ],
        [
          320,
          617
        ],
        [
          321,
          617
        ],
        [
          321,
          618
        ],
        [
          321,
          619
        ],
        [
          322,
          619
        ],
        [
          323,
          619
        ],
        [
          323,
          620
        ],
        [
          324,
          620
        ],
        [
          325,
          620
        ],
        [
          326,
          620
        ],
        [
          327,
          620
        ],
        [
          328,
          620
        ],
        [
          329,
          620
        ],
        [
          330,
          620
        ],
        [
          331,
          620
        ],
        [
          332,
          620
        ],
        [
          333,
          620
        ],
        [
          334,
          620
        ],
        [
          335,
          620
        ],
        [
          336,
          620
        ],
        [
          337,
          620
        ],
        [
          338,
          620
        ],
        [
          339,
          620
        ],
        [
          340,
          620
        ],
        [
          341,
          620
        ],
        [
          342,
          620
        ],
        [
          343,
          620
        ],
        [
          344,
          620
        ],
        [
          345,
          620
        ],
        [
          346,
          620
        ],
        [
          347,
          620
        ],
        [
          348,
          620
        ],
        [
          349,
          620
        ],
        [
          350,
          620
        ],
        [
          351,
          620
        ],
        [
          352,
          620
        ],
        [
          353,
          620
        ],
        [
          354,
          620
        ],
        [
          355,
          620
        ],
        [
          356,
          620
        ],
        [
          357,
          620
        ],
        [
          358,
          620
        ],
        [
          359,
          620
        ],
        [
          360,
          620
        ],
        [
          361,
          620
        ],
        [
          362,
          620
        ],
        [
          363,
          620
        ],
        [
          364,
          620
        ],
        [
          365,
          620
        ],
        [
          366,
          620
        ],
        [
          367,
          620
        ],
        [
          368,
          620
        ],
        [
          369,
          620
        ],
        [
          370,
          620
        ],
        [
          371,
          620
        ],
        [
          372,
          620
        ],
        [
          373,
          620
        ],
        [
          374,
          620
        ],
        [
          375,
          620
        ],
        [
          376,
          620
        ],
        [
          377,
          620
        ],
        [
          378,
          620
        ],
        [
          379,
          620
        ],
        [
          380,
          620
        ],
        [
          381,
          620
        ],
        [
          382,
          620
        ],
        [
          383,
          620
        ],
        [
          384,
          620
        ],
        [
          385,
          620
        ],
        [
          386,
          620
        ],
        [
          387,
          620
        ],
        [
          388,
          620
        ],
        [
          389,
          620
        ],
        [
          390,
          620
        ],
        [
          391,
          620
        ],
        [
          392,
          620
        ],
        [
          393,
          620
        ],
        [
          394,
          620
        ],
        [
          395,
          620
        ],
        [
          396,
          620
        ],
        [
          397,
          620
        ],
        [
          398,
          620
        ],
        [
          399,
          620
        ],
        [
          400,
          620
        ],
        [
          401,
          620
        ],
        [
          402,
          620
        ],
        [
          403,
          620
        ],
        [
          404,
          620
        ],
        [
          405,
          620
        ],
        [
          406,
          620
        ],
        [
          407,
          620
        ],
        [
          408,
          620
        ],
        [
          409,
          620
        ],
        [
          410,
          620
        ],
        [
          411,
          620
        ]
      ]
    }
  ]
}