{
  "image": "porta.png",
  "width": 1785,
  "height": 1004,
  "alpha_threshold": 1,
  "polygons": [
    {
      "type": "outer",
      "points": [
        [
          1061,
          500
        ],
        [
          1061,
          499
        ],
        [
          1061,
          498
        ],
        [
          1061,
          497
        ],
        [
          1061,
          496
        ],
        [
          1061,
          495
        ],
        [
          1061,
          494
        ],
        [
          1061,
          493
        ],
        [
          1061,
          492
        ],
        [
          1061,
          491
        ],
        [
          1061,
          490
        ],
        [
          1061,
          489
        ],
        [
          1061,
          488
        ],
        [
          1061,
          487
        ],
        [
          1061,
          486
        ],
        [
          1061,
          485
        ],
        [
          1061,
          484
        ],
        [
          1061,
          483
        ],
        [
          1061,
          482
        ],
        [
          1061,
          481
        ],
        [
          1061,
          480
        ],
        [
          1061,
          479
        ],
        [
          1061,
          478
        ],
        [
          1061,
          477
        ],
        [
          1061,
          476
        ],
        [
          1061,
          475
        ],
        [
          1061,
          474
        ],
        [
          1061,
          473
        ],
        [
          1061,
          472
        ],
        [
          1061,
          471
        ],
        [
          1061,
          470
        ],
        [
          1061,
          469
        ],
        [
          1061,
          468
        ],
        [
          1061,
          467
        ],
        [
          1061,
          466
        ],
        [
          1061,
          465
        ],
        [
          1061,
          464
        ],
        [
          1061,
          463
        ],
        [
          1061,
          462
        ],
        [
          1061,
          461
        ],
        [
          1061,
          460
        ],
        [
          1061,
          459
        ],
        [
          1061,
          458
        ],
        [
          1061,
          457
        ],
        [
          1061,
          456
        ],
        [
          1061,
          455
        ],
        [
          1061,
          454
        ],
        [
          1061,
          453
        ],
        [
          1061,
          452
        ],
        [
          1061,
          451
        ],
        [
          1061,
          450
        ],
        [
          1061,
          449
        ],
        [
          1061,
          448
        ],
        [
          1061,
          447
        ],
        [
          1061,
          446
        ],
        [
          1061,
          445
        ],
        [
          1061,
          444
        ],
        [
          1061,
          443
        ],
        [
          1061,
          442
        ],
        [
          1061,
          441
        ],
        [
          1061,
          440
        ],
        [
          1061,
          439
        ],
        [
          1061,
          438
        ],
        [
          1061,
          437
        ],
        [
          1061,
          436
        ],
        [
          1061,
          435
        ],
        [
          1061,
          434
        ],
        [
          1061,
          433
        ],
        [
          1061,
          432
        ],
        [
          1061,
          431
        ],
        [
          1061,
          430
        ],
        [
          1061,
          429
        ],
        [
          1061,
          428
        ],
        [
          1061,
          427
        ],
        [
          1061,
          426
        ],
        [
          1061,
          425
        ],
        [
          1061,
          424
        ],
        [
          1061,
          423
        ],
        [
          1061,
          422
        ],
        [
          1061,
          421
        ],
        [
          1061,
          420
        ],
        [
          1061,
          419
        ],
        [
          1061,
          418
        ],
        [
          1061,
          417
        ],
        [
          1061,
          416
        ],
        [
          1061,
          415
        ],
        [
          1061,
          414
        ],
        [
          1061,
          413
        ],
        [
          1060,
          413
        ],
        [
          1060,
          412
        ],
        [
          1060,
          411
        ],
        [
          1060,
          410
        ],
        [
          1061,
          410
        ],
        [
          1061,
          409
        ],
        [
          1061,
          408
        ],
        [
          1061,
          407
        ],
        [
          1060,
          407
        ],
        [
          1060,
          406
        ],
        [
          1060,
          405
        ],
        [
          1060,
          404
        ],
        [
          1060,
          403
        ],
        [
          1060,
          402
        ],
        [
          1060,
          401
        ],
        [
          1060,
          400
        ],
        [
          1060,
          399
        ],
        [
          1060,
          398
        ],
        [
          1060,
          397
        ],
        [
          1060,
          396
        ],
        [
          1060,
          395
        ],
        [
          1060,
          394
        ],
        [
          1060,
          393
        ],
        [
          1060,
          392
        ],
        [
          1059,
          392
        ],
        [
          1059,
          391
        ],
        [
          1059,
          390
        ],
        [
          1059,
          389
        ],
        [
          1059,
          388
        ],
        [
          1059,
          387
        ],
        [
          1059,
          386
        ],
        [
          1058,
          386
        ],
        [
          1058,
          385
        ],
        [
          1058,
          384
        ],
        [
          1058,
          383
        ],
        [
          1058,
          382
        ],
        [
          1058,
          381
        ],
        [
          1057,
          381
        ],
        [
          1057,
          380
        ],
        [
          1057,
          379
        ],
        [
          1057,
          378
        ],
        [
          1057,
          377
        ],
        [
          1056,
          377
        ],
        [
          1056,
          376
        ],
        [
          1056,
          375
        ],
        [
          1056,
          374
        ],
        [
          1055,
          374
        ],
        [
          1055,
          373
        ],
        [
          1055,
          372
        ],
        [
          1055,
          371
        ],
        [
          1054,
          371
        ],
        [
          1054,
          370
        ],
        [
          1054,
          369
        ],
        [
          1054,
          368
        ],
        [
          1054,
          367
        ],
        [
          1053,
          367
        ],
        [
          1053,
          366
        ],
        [
          1053,
          365
        ],
        [
          1052,
          365
        ],
        [
          1052,
          364
        ],
        [
          1052,
          363
        ],
        [
          1051,
          363
        ],
        [
          1051,
          362
        ],
        [
          1051,
          361
        ],
        [
          1051,
          360
        ],
        [
          1050,
          360
        ],
        [
          1050,
          359
        ],
        [
          1050,
          358
        ],
        [
          1049,
          358
        ],
        [
          1049,
          357
        ],
        [
          1049,
          356
        ],
        [
          1049,
          355
        ],
        [
          1048,
          355
        ],
        [
          1048,
          354
        ],
        [
          1048,
          353
        ],
        [
          1047,
          353
        ],
        [
          1047,
          352
        ],
        [
          1047,
          351
        ],
        [
          1046,
          351
        ],
        [
          1046,
          350
        ],
        [
          1046,
          349
        ],
        [
          1045,
          349
        ],
        [
          1045,
          348
        ],
        [
          1044,
          348
        ],
        [
          1044,
          347
        ],
        [
          1044,
          346
        ],
        [
          1043,
          346
        ],
        [
          1043,
          345
        ],
        [
          1043,
          344
        ],
        [
          1042,
          344
        ],
        [
          1042,
          343
        ],
        [
          1041,
          343
        ],
        [
          1041,
          342
        ],
        [
          1041,
          341
        ],
        [
          1040,
          341
        ],
        [
          1040,
          340
        ],
        [
          1040,
          339
        ],
        [
          1039,
          339
        ],
        [
          1039,
          338
        ],
        [
          1038,
          338
        ],
        [
          1038,
          337
        ],
        [
          1038,
          336
        ],
        [
          1037,
          336
        ],
        [
          1037,
          335
        ],
        [
          1036,
          335
        ],
        [
          1036,
          334
        ],
        [
          1035,
          334
        ],
        [
          1035,
          333
        ],
        [
          1035,
          332
        ],
        [
          1034,
          332
        ],
        [
          1034,
          331
        ],
        [
          1033,
          331
        ],
        [
          1033,
          330
        ],
        [
          1032,
          330
        ],
        [
          1032,
          329
        ],
        [
          1031,
          329
        ],
        [
          1031,
          328
        ],
        [
          1031,
          327
        ],
        [
          1030,
          327
        ],
        [
          1030,
          326
        ],
        [
          1029,
          326
        ],
        [
          1029,
          325
        ],
        [
          1028,
          325
        ],
        [
          1028,
          324
        ],
        [
          1027,
          324
        ],
        [
          1027,
          323
        ],
        [
          1026,
          323
        ],
        [
          1026,
          322
        ],
        [
          1025,
          322
        ],
        [
          1025,
          321
        ],
        [
          1025,
          320
        ],
        [
          1024,
          320
        ],
        [
          1024,
          319
        ],
        [
          1023,
          319
        ],
        [
          1023,
          318
        ],
        [
          1022,
          318
        ],
        [
          1022,
          317
        ],
        [
          1021,
          317
        ],
        [
          1021,
          316
        ],
        [
          1020,
          316
        ],
        [
          1020,
          315
        ],
        [
          1019,
          315
        ],
        [
          1019,
          314
        ],
        [
          1018,
          314
        ],
        [
          1018,
          313
        ],
        [
          1017,
          313
        ],
        [
          1017,
          312
        ],
        [
          1016,
          312
        ],
        [
          1016,
          311
        ],
        [
          1015,
          311
        ],
        [
          1014,
          311
        ],
        [
          1014,
          310
        ],
        [
          1013,
          310
        ],
        [
          1013,
          309
        ],
        [
          1012,
          309
        ],
        [
          1012,
          308
        ],
        [
          1011,
          308
        ],
        [
          1011,
          307
        ],
        [
          1010,
          307
        ],
        [
          1010,
          306
        ],
        [
          1009,
          306
        ],
        [
          1009,
          305
        ],
        [
          1008,
          305
        ],
        [
          1007,
          305
        ],
        [
          1007,
          304
        ],
        [
          1006,
          304
        ],
        [
          1006,
          303
        ],
        [
          1005,
          303
        ],
        [
          1005,
          302
        ],
        [
          1004,
          302
        ],
        [
          1003,
          302
        ],
        [
          1003,
          301
        ],
        [
          1002,
          301
        ],
        [
          1002,
          300
        ],
        [
          1001,
          300
        ],
        [
          1001,
          299
        ],
        [
          1000,
          299
        ],
        [
          999,
          299
        ],
        [
          999,
          298
        ],
        [
          998,
          298
        ],
        [
          997,
          298
        ],
        [
          997,
          297
        ],
        [
          996,
          297
        ],
        [
          996,
          296
        ],
        [
          995,
          296
        ],
        [
          994,
          296
        ],
        [
          994,
          295
        ],
        [
          993,
          295
        ],
        [
          992,
          295
        ],
        [
          992,
          294
        ],
        [
          991,
          294
        ],
        [
          991,
          293
        ],
        [
          990,
          293
        ],
        [
          989,
          293
        ],
        [
          989,
          292
        ],
        [
          988,
          292
        ],
        [
          987,
          292
        ],
        [
          987,
          291
        ],
        [
          986,
          291
        ],
        [
          985,
          291
        ],
        [
          985,
          290
        ],
        [
          984,
          290
        ],
        [
          983,
          290
        ],
        [
          983,
          289
        ],
        [
          982,
          289
        ],
        [
          981,
          289
        ],
        [
          981,
          288
        ],
        [
          980,
          288
        ],
        [
          979,
          288
        ],
        [
          979,
          287
        ],
        [
          978,
          287
        ],
        [
          977,
          287
        ],
        [
          976,
          287
        ],
        [
          976,
          286
        ],
        [
          975,
          286
        ],
        [
          974,
          286
        ],
        [
          973,
          286
        ],
        [
          973,
          285
        ],
        [
          972,
          285
        ],
        [
          971,
          285
        ],
        [
          970,
          285
        ],
        [
          970,
          284
        ],
        [
          969,
          284
        ],
        [
          968,
          284
        ],
        [
          967,
          284
        ],
        [
          967,
          283
        ],
        [
          966,
          283
        ],
        [
          965,
          283
        ],
        [
          964,
          283
        ],
        [
          964,
          282
        ],
        [
          963,
          282
        ],
        [
          962,
          282
        ],
        [
          961,
          282
        ],
        [
          960,
          282
        ],
        [
          960,
          281
        ],
        [
          959,
          281
        ],
        [
          958,
          281
        ],
        [
          957,
          281
        ],
        [
          956,
          281
        ],
        [
          956,
          280
        ],
        [
          955,
          280
        ],
        [
          954,
          280
        ],
        [
          953,
          280
        ],
        [
          952,
          280
        ],
        [
          951,
          280
        ],
        [
          951,
          279
        ],
        [
          950,
          279
        ],
        [
          949,
          279
        ],
        [
          948,
          279
        ],
        [
          947,
          279
        ],
        [
          946,
          279
        ],
        [
          945,
          279
        ],
        [
          944,
          279
        ],
        [
          943,
          279
        ],
        [
          942,
          279
        ],
        [
          942,
          278
        ],
        [
          941,
          278
        ],
        [
          940,
          278
        ],
        [
          939,
          278
        ],
        [
          938,
          278
        ],
        [
          937,
          278
        ],
        [
          936,
          278
        ],
        [
          935,
          278
        ],
        [
          934,
          278
        ],
        [
          933,
          278
        ],
        [
          932,
          278
        ],
        [
          931,
          278
        ],
        [
          930,
          278
        ],
        [
          929,
          278
        ],
        [
          928,
          278
        ],
        [
          927,
          278
        ],
        [
          927,
          277
        ],
        [
          926,
          277
        ],
        [
          925,
          277
        ],
        [
          925,
          278
        ],
        [
          924,
          278
        ],
        [
          923,
          278
        ],
        [
          922,
          278
        ],
        [
          921,
          278
        ],
        [
          920,
          278
        ],
        [
          919,
          278
        ],
        [
          918,
          278
        ],
        [
          917,
          278
        ],
        [
          916,
          278
        ],
        [
          915,
          278
        ],
        [
          914,
          278
        ],
        [
          913,
          278
        ],
        [
          912,
          278
        ],
        [
          911,
          278
        ],
        [
          910,
          278
        ],
        [
          909,
          278
        ],
        [
          908,
          278
        ],
        [
          907,
          278
        ],
        [
          907,
          279
        ],
        [
          906,
          279
        ],
        [
          905,
          279
        ],
        [
          904,
          279
        ],
        [
          903,
          279
        ],
        [
          902,
          279
        ],
        [
          901,
          279
        ],
        [
          900,
          279
        ],
        [
          900,
          280
        ],
        [
          899,
          280
        ],
        [
          898,
          280
        ],
        [
          897,
          280
        ],
        [
          896,
          280
        ],
        [
          895,
          280
        ],
        [
          895,
          281
        ],
        [
          894,
          281
        ],
        [
          893,
          281
        ],
        [
          892,
          281
        ],
        [
          892,
          282
        ],
        [
          891,
          282
        ],
        [
          890,
          282
        ],
        [
          889,
          282
        ],
        [
          889,
          283
        ],
        [
          888,
          283
        ],
        [
          887,
          283
        ],
        [
          886,
          283
        ],
        [
          885,
          283
        ],
        [
          885,
          284
        ],
        [
          884,
          284
        ],
        [
          883,
          284
        ],
        [
          882,
          284
        ],
        [
          882,
          285
        ],
        [
          881,
          285
        ],
        [
          880,
          285
        ],
        [
          879,
          285
        ],
        [
          879,
          286
        ],
        [
          878,
          286
        ],
        [
          877,
          286
        ],
        [
          876,
          286
        ],
        [
          876,
          287
        ],
        [
          875,
          287
        ],
        [
          874,
          287
        ],
        [
          874,
          288
        ],
        [
          873,
          288
        ],
        [
          872,
          288
        ],
        [
          871,
          288
        ],
        [
          871,
          289
        ],
        [
          870,
          289
        ],
        [
          869,
          289
        ],
        [
          869,
          290
        ],
        [
          868,
          290
        ],
        [
          867,
          290
        ],
        [
          867,
          291
        ],
        [
          866,
          291
        ],
        [
          865,
          291
        ],
        [
          865,
          292
        ],
        [
          864,
          292
        ],
        [
          863,
          292
        ],
        [
          863,
          293
        ],
        [
          862,
          293
        ],
        [
          861,
          293
        ],
        [
          861,
          294
        ],
        [
          860,
          294
        ],
        [
          860,
          295
        ],
        [
          859,
          295
        ],
        [
          858,
          295
        ],
        [
          858,
          296
        ],
        [
          857,
          296
        ],
        [
          856,
          296
        ],
        [
          856,
          297
        ],
        [
          855,
          297
        ],
        [
          855,
          298
        ],
        [
          854,
          298
        ],
        [
          853,
          298
        ],
        [
          853,
          299
        ],
        [
          852,
          299
        ],
        [
          852,
          300
        ],
        [
          851,
          300
        ],
        [
          850,
          300
        ],
        [
          850,
          301
        ],
        [
          849,
          301
        ],
        [
          849,
          302
        ],
        [
          848,
          302
        ],
        [
          847,
          302
        ],
        [
          847,
          303
        ],
        [
          846,
          303
        ],
        [
          846,
          304
        ],
        [
          845,
          304
        ],
        [
          845,
          305
        ],
        [
          844,
          305
        ],
        [
          844,
          306
        ],
        [
          843,
          306
        ],
        [
          842,
          306
        ],
        [
          842,
          307
        ],
        [
          841,
          307
        ],
        [
          841,
          308
        ],
        [
          840,
          308
        ],
        [
          840,
          309
        ],
        [
          839,
          309
        ],
        [
          839,
          310
        ],
        [
          838,
          310
        ],
        [
          838,
          311
        ],
        [
          837,
          311
        ],
        [
          837,
          312
        ],
        [
          836,
          312
        ],
        [
          836,
          313
        ],
        [
          835,
          313
        ],
        [
          835,
          314
        ],
        [
          834,
          314
        ],
        [
          833,
          314
        ],
        [
          833,
          315
        ],
        [
          833,
          316
        ],
        [
          832,
          316
        ],
        [
          832,
          317
        ],
        [
          831,
          317
        ],
        [
          831,
          318
        ],
        [
          830,
          318
        ],
        [
          830,
          319
        ],
        [
          829,
          319
        ],
        [
          829,
          320
        ],
        [
          828,
          320
        ],
        [
          828,
          321
        ],
        [
          827,
          321
        ],
        [
          827,
          322
        ],
        [
          826,
          322
        ],
        [
          825,
          322
        ],
        [
          825,
          323
        ],
        [
          824,
          323
        ],
        [
          824,
          324
        ],
        [
          824,
          325
        ],
        [
          823,
          325
        ],
        [
          823,
          326
        ],
        [
          822,
          326
        ],
        [
          822,
          327
        ],
        [
          822,
          328
        ],
        [
          821,
          328
        ],
        [
          821,
          329
        ],
        [
          820,
          329
        ],
        [
          820,
          330
        ],
        [
          819,
          330
        ],
        [
          819,
          331
        ],
        [
          819,
          332
        ],
        [
          818,
          332
        ],
        [
          818,
          333
        ],
        [
          817,
          333
        ],
        [
          817,
          334
        ],
        [
          816,
          334
        ],
        [
          816,
          335
        ],
        [
          816,
          336
        ],
        [
          815,
          336
        ],
        [
          815,
          337
        ],
        [
          814,
          337
        ],
        [
          814,
          338
        ],
        [
          814,
          339
        ],
        [
          813,
          339
        ],
        [
          813,
          340
        ],
        [
          812,
          340
        ],
        [
          812,
          341
        ],
        [
          812,
          342
        ],
        [
          811,
          342
        ],
        [
          811,
          343
        ],
        [
          810,
          343
        ],
        [
          810,
          344
        ],
        [
          810,
          345
        ],
        [
          809,
          345
        ],
        [
          809,
          346
        ],
        [
          808,
          346
        ],
        [
          808,
          347
        ],
        [
          808,
          348
        ],
        [
          807,
          348
        ],
        [
          807,
          349
        ],
        [
          807,
          350
        ],
        [
          806,
          350
        ],
        [
          806,
          351
        ],
        [
          806,
          352
        ],
        [
          805,
          352
        ],
        [
          805,
          353
        ],
        [
          805,
          354
        ],
        [
          804,
          354
        ],
        [
          804,
          355
        ],
        [
          804,
          356
        ],
        [
          803,
          356
        ],
        [
          803,
          357
        ],
        [
          803,
          358
        ],
        [
          802,
          358
        ],
        [
          802,
          359
        ],
        [
          802,
          360
        ],
        [
          801,
          360
        ],
        [
          801,
          361
        ],
        [
          801,
          362
        ],
        [
          801,
          363
        ],
        [
          800,
          363
        ],
        [
          800,
          364
        ],
        [
          800,
          365
        ],
        [
          799,
          365
        ],
        [
          799,
          366
        ],
        [
          799,
          367
        ],
        [
          799,
          368
        ],
        [
          798,
          368
        ],
        [
          798,
          369
        ],
        [
          798,
          370
        ],
        [
          798,
          371
        ],
        [
          797,
          371
        ],
        [
          797,
          372
        ],
        [
          797,
          373
        ],
        [
          797,
          374
        ],
        [
          796,
          374
        ],
        [
          796,
          375
        ],
        [
          796,
          376
        ],
        [
          796,
          377
        ],
        [
          795,
          377
        ],
        [
          795,
          378
        ],
        [
          795,
          379
        ],
        [
          795,
          380
        ],
        [
          794,
          380
        ],
        [
          794,
          381
        ],
        [
          794,
          382
        ],
        [
          794,
          383
        ],
        [
          793,
          383
        ],
        [
          793,
          384
        ],
        [
          793,
          385
        ],
        [
          793,
          386
        ],
        [
          793,
          387
        ],
        [
          793,
          388
        ],
        [
          793,
          389
        ],
        [
          793,
          390
        ],
        [
          792,
          390
        ],
        [
          792,
          391
        ],
        [
          792,
          392
        ],
        [
          792,
          393
        ],
        [
          792,
          394
        ],
        [
          792,
          395
        ],
        [
          792,
          396
        ],
        [
          792,
          397
        ],
        [
          792,
          398
        ],
        [
          792,
          399
        ],
        [
          791,
          399
        ],
        [
          791,
          400
        ],
        [
          791,
          401
        ],
        [
          791,
          402
        ],
        [
          791,
          403
        ],
        [
          791,
          404
        ],
        [
          791,
          405
        ],
        [
          791,
          406
        ],
        [
          791,
          407
        ],
        [
          791,
          408
        ],
        [
          791,
          409
        ],
        [
          791,
          410
        ],
        [
          791,
          411
        ],
        [
          791,
          412
        ],
        [
          791,
          413
        ],
        [
          791,
          414
        ],
        [
          791,
          415
        ],
        [
          791,
          416
        ],
        [
          791,
          417
        ],
        [
          791,
          418
        ],
        [
          791,
          419
        ],
        [
          791,
          420
        ],
        [
          791,
          421
        ],
        [
          791,
          422
        ],
        [
          791,
          423
        ],
        [
          791,
          424
        ],
        [
          791,
          425
        ],
        [
          791,
          426
        ],
        [
          791,
          427
        ],
        [
          791,
          428
        ],
        [
          791,
          429
        ],
        [
          791,
          430
        ],
        [
          791,
          431
        ],
        [
          791,
          432
        ],
        [
          791,
          433
        ],
        [
          791,
          434
        ],
        [
          791,
          435
        ],
        [
          791,
          436
        ],
        [
          791,
          437
        ],
        [
          791,
          438
        ],
        [
          791,
          439
        ],
        [
          791,
          440
        ],
        [
          791,
          441
        ],
        [
          791,
          442
        ],
        [
          791,
          443
        ],
        [
          791,
          444
        ],
        [
          791,
          445
        ],
        [
          791,
          446
        ],
        [
          791,
          447
        ],
        [
          791,
          448
        ],
        [
          791,
          449
        ],
        [
          791,
          450
        ],
        [
          791,
          451
        ],
        [
          791,
          452
        ],
        [
          791,
          453
        ],
        [
          791,
          454
        ],
        [
          791,
          455
        ],
        [
          791,
          456
        ],
        [
          791,
          457
        ],
        [
          791,
          458
        ],
        [
          791,
          459
        ],
        [
          791,
          460
        ],
        [
          791,
          461
        ],
        [
          791,
          462
        ],
        [
          791,
          463
        ],
        [
          791,
          464
        ],
        [
          791,
          465
        ],
        [
          791,
          466
        ],
        [
          791,
          467
        ],
        [
          791,
          468
        ],
        [
          791,
          469
        ],
        [
          791,
          470
        ],
        [
          791,
          471
        ],
        [
          791,
          472
        ],
        [
          791,
          473
        ],
        [
          791,
          474
        ],
        [
          791,
          475
        ],
        [
          791,
          476
        ],
        [
          791,
          477
        ],
        [
          791,
          478
        ],
        [
          791,
          479
        ],
        [
          791,
          480
        ],
        [
          791,
          481
        ],
        [
          791,
          482
        ],
        [
          791,
          483
        ],
        [
          791,
          484
        ],
        [
          791,
          485
        ],
        [
          791,
          486
        ],
        [
          791,
          487
        ],
        [
          791,
          488
        ],
        [
          791,
          489
        ],
        [
          791,
          490
        ],
        [
          791,
          491
        ],
        [
          791,
          492
        ],
        [
          791,
          493
        ],
        [
          791,
          494
        ],
        [
          791,
          495
        ],
        [
          791,
          496
        ],
        [
          791,
          497
        ],
        [
          791,
          498
        ],
        [
          791,
          499
        ],
        [
          791,
          500
        ],
        [
          791,
          501
        ],
        [
          791,
          502
        ],
        [
          791,
          503
        ],
        [
          791,
          504
        ],
        [
          791,
          505
        ],
        [
          791,
          506
        ],
        [
          791,
          507
        ],
        [
          791,
          508
        ],
        [
          791,
          509
        ],
        [
          791,
          510
        ],
        [
          791,
          511
        ],
        [
          791,
          512
        ],
        [
          791,
          513
        ],
        [
          791,
          514
        ],
        [
          791,
          515
        ],
        [
          791,
          516
        ],
        [
          791,
          517
        ],
        [
          791,
          518
        ],
        [
          791,
          519
        ],
        [
          791,
          520
        ],
        [
          791,
          521
        ],
        [
          791,
          522
        ],
        [
          792,
          522
        ],
        [
          792,
          523
        ],
        [
          792,
          524
        ],
        [
          792,
          525
        ],
        [
          792,
          526
        ],
        [
          792,
          527
        ],
        [
          792,
          528
        ],
        [
          792,
          529
        ],
        [
          792,
          530
        ],
        [
          792,
          531
        ],
        [
          792,
          532
        ],
        [
          792,
          533
        ],
        [
          792,
          534
        ],
        [
          791,
          534
        ],
        [
          791,
          535
        ],
        [
          791,
          536
        ],
        [
          790,
          536
        ],
        [
          790,
          537
        ],
        [
          791,
          537
        ],
        [
          791,
          538
        ],
        [
          791,
          539
        ],
        [
          791,
          540
        ],
        [
          792,
          540
        ],
        [
          792,
          541
        ],
        [
          792,
          542
        ],
        [
          792,
          543
        ],
        [
          791,
          543
        ],
        [
          791,
          544
        ],
        [
          791,
          545
        ],
        [
          791,
          546
        ],
        [
          791,
          547
        ],
        [
          791,
          548
        ],
        [
          791,
          549
        ],
        [
          791,
          550
        ],
        [
          791,
          551
        ],
        [
          791,
          552
        ],
        [
          791,
          553
        ],
        [
          791,
          554
        ],
        [
          791,
          555
        ],
        [
          791,
          556
        ],
        [
          791,
          557
        ],
        [
          791,
          558
        ],
        [
          791,
          559
        ],
        [
          791,
          560
        ],
        [
          791,
          561
        ],
        [
          791,
          562
        ],
        [
          791,
          563
        ],
        [
          791,
          564
        ],
        [
          791,
          565
        ],
        [
          791,
          566
        ],
        [
          791,
          567
        ],
        [
          791,
          568
        ],
        [
          791,
          569
        ],
        [
          791,
          570
        ],
        [
          791,
          571
        ],
        [
          791,
          572
        ],
        [
          791,
          573
        ],
        [
          791,
          574
        ],
        [
          791,
          575
        ],
        [
          791,
          576
        ],
        [
          791,
          577
        ],
        [
          791,
          578
        ],
        [
          790,
          578
        ],
        [
          790,
          579
        ],
        [
          790,
          580
        ],
        [
          791,
          580
        ],
        [
          791,
          581
        ],
        [
          791,
          582
        ],
        [
          791,
          583
        ],
        [
          791,
          584
        ],
        [
          791,
          585
        ],
        [
          791,
          586
        ],
        [
          791,
          587
        ],
        [
          791,
          588
        ],
        [
          791,
          589
        ],
        [
          791,
          590
        ],
        [
          791,
          591
        ],
        [
          791,
          592
        ],
        [
          791,
          593
        ],
        [
          791,
          594
        ],
        [
          791,
          595
        ],
        [
          791,
          596
        ],
        [
          791,
          597
        ],
        [
          791,
          598
        ],
        [
          791,
          599
        ],
        [
          791,
          600
        ],
        [
          791,
          601
        ],
        [
          791,
          602
        ],
        [
          791,
          603
        ],
        [
          791,
          604
        ],
        [
          791,
          605
        ],
        [
          791,
          606
        ],
        [
          791,
          607
        ],
        [
          791,
          608
        ],
        [
          791,
          609
        ],
        [
          791,
          610
        ],
        [
          791,
          611
        ],
        [
          791,
          612
        ],
        [
          791,
          613
        ],
        [
          791,
          614
        ],
        [
          791,
          615
        ],
        [
          791,
          616
        ],
        [
          791,
          617
        ],
        [
          791,
          618
        ],
        [
          791,
          619
        ],
        [
          791,
          620
        ],
        [
          791,
          621
        ],
        [
          791,
          622
        ],
        [
          791,
          623
        ],
        [
          791,
          624
        ],
        [
          791,
          625
        ],
        [
          791,
          626
        ],
        [
          791,
          627
        ],
        [
          791,
          628
        ],
        [
          791,
          629
        ],
        [
          791,
          630
        ],
        [
          791,
          631
        ],
        [
          791,
          632
        ],
        [
          791,
          633
        ],
        [
          791,
          634
        ],
        [
          791,
          635
        ],
        [
          791,
          636
        ],
        [
          791,
          637
        ],
        [
          791,
          638
        ],
        [
          791,
          639
        ],
        [
          791,
          640
        ],
        [
          791,
          641
        ],
        [
          791,
          642
        ],
        [
          791,
          643
        ],
        [
          791,
          644
        ],
        [
          791,
          645
        ],
        [
          791,
          646
        ],
        [
          791,
          647
        ],
        [
          791,
          648
        ],
        [
          791,
          649
        ],
        [
          791,
          650
        ],
        [
          791,
          651
        ],
        [
          791,
          652
        ],
        [
          791,
          653
        ],
        [
          791,
          654
        ],
        [
          791,
          655
        ],
        [
          791,
          656
        ],
        [
          791,
          657
        ],
        [
          791,
          658
        ],
        [
          791,
          659
        ],
        [
          791,
          660
        ],
        [
          791,
          661
        ],
        [
          790,
          661
        ],
        [
          790,
          662
        ],
        [
          790,
          663
        ],
        [
          790,
          664
        ],
        [
          791,
          664
        ],
        [
          791,
          665
        ],
        [
          791,
          666
        ],
        [
          791,
          667
        ],
        [
          791,
          668
        ],
        [
          791,
          669
        ],
        [
          791,
          670
        ],
        [
          791,
          671
        ],
        [
          791,
          672
        ],
        [
          791,
          673
        ],
        [
          791,
          674
        ],
        [
          791,
          675
        ],
        [
          791,
          676
        ],
        [
          791,
          677
        ],
        [
          791,
          678
        ],
        [
          791,
          679
        ],
        [
          791,
          680
        ],
        [
          791,
          681
        ],
        [
          791,
          682
        ],
        [
          791,
          683
        ],
        [
          791,
          684
        ],
        [
          791,
          685
        ],
        [
          791,
          686
        ],
        [
          791,
          687
        ],
        [
          791,
          688
        ],
        [
          791,
          689
        ],
        [
          791,
          690
        ],
        [
          791,
          691
        ],
        [
          791,
          692
        ],
        [
          791,
          693
        ],
        [
          791,
          694
        ],
        [
          791,
          695
        ],
        [
          791,
          696
        ],
        [
          791,
          697
        ],
        [
          791,
          698
        ],
        [
          791,
          699
        ],
        [
          791,
          700
        ],
        [
          791,
          701
        ],
        [
          791,
          702
        ],
        [
          791,
          703
        ],
        [
          791,
          704
        ],
        [
          790,
          704
        ],
        [
          790,
          705
        ],
        [
          791,
          705
        ],
        [
          791,
          706
        ],
        [
          791,
          707
        ],
        [
          791,
          708
        ],
        [
          791,
          709
        ],
        [
          791,
          710
        ],
        [
          791,
          711
        ],
        [
          791,
          712
        ],
        [
          791,
          713
        ],
        [
          791,
          714
        ],
        [
          791,
          715
        ],
        [
          791,
          716
        ],
        [
          791,
          717
        ],
        [
          791,
          718
        ],
        [
          791,
          719
        ],
        [
          791,
          720
        ],
        [
          791,
          721
        ],
        [
          791,
          722
        ],
        [
          791,
          723
        ],
        [
          791,
          724
        ],
        [
          791,
          725
        ],
        [
          791,
          726
        ],
        [
          791,
          727
        ],
        [
          791,
          728
        ],
        [
          791,
          729
        ],
        [
          791,
          730
        ],
        [
          791,
          731
        ],
        [
          791,
          732
        ],
        [
          791,
          733
        ],
        [
          791,
          734
        ],
        [
          791,
          735
        ],
        [
          791,
          736
        ],
        [
          791,
          737
        ],
        [
          791,
          738
        ],
        [
          791,
          739
        ],
        [
          791,
          740
        ],
        [
          791,
          741
        ],
        [
          791,
          742
        ],
        [
          791,
          743
        ],
        [
          791,
          744
        ],
        [
          791,
          745
        ],
        [
          791,
          746
        ],
        [
          790,
          746
        ],
        [
          790,
          747
        ],
        [
          790,
          748
        ],
        [
          790,
          749
        ],
        [
          791,
          749
        ],
        [
          791,
          750
        ],
        [
          791,
          751
        ],
        [
          791,
          752
        ],
        [
          791,
          753
        ],
        [
          791,
          754
        ],
        [
          791,
          755
        ],
        [
          791,
          756
        ],
        [
          791,
          757
        ],
        [
          791,
          758
        ],
        [
          791,
          759
        ],
        [
          791,
          760
        ],
        [
          791,
          761
        ],
        [
          791,
          762
        ],
        [
          791,
          763
        ],
        [
          792,
          763
        ],
        [
          792,
          764
        ],
        [
          792,
          765
        ],
        [
          793,
          765
        ],
        [
          793,
          766
        ],
        [
          794,
          766
        ],
        [
          795,
          766
        ],
        [
          795,
          767
        ],
        [
          796,
          767
        ],
        [
          797,
          767
        ],
        [
          797,
          768
        ],
        [
          798,
          768
        ],
        [
          799,
          768
        ],
        [
          800,
          768
        ],
        [
          801,
          768
        ],
        [
          802,
          768
        ],
        [
          803,
          768
        ],
        [
          804,
          768
        ],
        [
          805,
          768
        ],
        [
          805,
          769
        ],
        [
          806,
          769
        ],
        [
          807,
          769
        ],
        [
          807,
          770
        ],
        [
          808,
          770
        ],
        [
          809,
          770
        ],
        [
          809,
          771
        ],
        [
          810,
          771
        ],
        [
          811,
          771
        ],
        [
          812,
          771
        ],
        [
          813,
          771
        ],
        [
          813,
          770
        ],
        [
          814,
          770
        ],
        [
          815,
          770
        ],
        [
          816,
          770
        ],
        [
          816,
          769
        ],
        [
          817,
          769
        ],
        [
          818,
          769
        ],
        [
          818,
          768
        ],
        [
          819,
          768
        ],
        [
          820,
          768
        ],
        [
          821,
          768
        ],
        [
          822,
          768
        ],
        [
          823,
          768
        ],
        [
          824,
          768
        ],
        [
          825,
          768
        ],
        [
          826,
          768
        ],
        [
          827,
          768
        ],
        [
          828,
          768
        ],
        [
          829,
          768
        ],
        [
          830,
          768
        ],
        [
          831,
          768
        ],
        [
          832,
          768
        ],
        [
          833,
          768
        ],
        [
          834,
          768
        ],
        [
          835,
          768
        ],
        [
          836,
          768
        ],
        [
          837,
          768
        ],
        [
          838,
          768
        ],
        [
          839,
          768
        ],
        [
          840,
          768
        ],
        [
          841,
          768
        ],
        [
          842,
          768
        ],
        [
          843,
          768
        ],
        [
          844,
          768
        ],
        [
          845,
          768
        ],
        [
          846,
          768
        ],
        [
          847,
          768
        ],
        [
          848,
          768
        ],
        [
          849,
          768
        ],
        [
          850,
          768
        ],
        [
          851,
          768
        ],
        [
          852,
          768
        ],
        [
          853,
          768
        ],
        [
          854,
          768
        ],
        [
          855,
          768
        ],
        [
          856,
          768
        ],
        [
          857,
          768
        ],
        [
          857,
          767
        ],
        [
          858,
          767
        ],
        [
          858,
          768
        ],
        [
          859,
          768
        ],
        [
          860,
          768
        ],
        [
          860,
          767
        ],
        [
          861,
          767
        ],
        [
          861,
          768
        ],
        [
          862,
          768
        ],
        [
          863,
          768
        ],
        [
          864,
          768
        ],
        [
          864,
          767
        ],
        [
          865,
          767
        ],
        [
          865,
          768
        ],
        [
          866,
          768
        ],
        [
          867,
          768
        ],
        [
          868,
          768
        ],
        [
          869,
          768
        ],
        [
          869,
          767
        ],
        [
          870,
          767
        ],
        [
          870,
          768
        ],
        [
          871,
          768
        ],
        [
          872,
          768
        ],
        [
          873,
          768
        ],
        [
          874,
          768
        ],
        [
          875,
          768
        ],
        [
          876,
          768
        ],
        [
          877,
          768
        ],
        [
          878,
          768
        ],
        [
          879,
          768
        ],
        [
          880,
          768
        ],
        [
          881,
          768
        ],
        [
          882,
          768
        ],
        [
          883,
          768
        ],
        [
          884,
          768
        ],
        [
          885,
          768
        ],
        [
          886,
          768
        ],
        [
          887,
          768
        ],
        [
          888,
          768
        ],
        [
          889,
          768
        ],
        [
          890,
          768
        ],
        [
          891,
          768
        ],
        [
          892,
          768
        ],
        [
          893,
          768
        ],
        [
          894,
          768
        ],
        [
          895,
          768
        ],
        [
          896,
          768
        ],
        [
          897,
          768
        ],
        [
          898,
          768
        ],
        [
          899,
          768
        ],
        [
          900,
          768
        ],
        [
          901,
          768
        ],
        [
          901,
          767
        ],
        [
          902,
          767
        ],
        [
          903,
          767
        ],
        [
          904,
          767
        ],
        [
          905,
          767
        ],
        [
          906,
          767
        ],
        [
          907,
          767
        ],
        [
          908,
          767
        ],
        [
          909,
          767
        ],
        [
          910,
          767
        ],
        [
          911,
          767
        ],
        [
          912,
          767
        ],
        [
          913,
          767
        ],
        [
          914,
          767
        ],
        [
          915,
          767
        ],
        [
          916,
          767
        ],
        [
          917,
          767
        ],
        [
          918,
          767
        ],
        [
          919,
          767
        ],
        [
          920,
          767
        ],
        [
          921,
          767
        ],
        [
          922,
          767
        ],
        [
          923,
          767
        ],
        [
          924,
          767
        ],
        [
          925,
          767
        ],
        [
          926,
          767
        ],
        [
          927,
          767
        ],
        [
          928,
          767
        ],
        [
          929,
          767
        ],
        [
          930,
          767
        ],
        [
          931,
          767
        ],
        [
          932,
          767
        ],
        [
          933,
          767
        ],
        [
          934,
          767
        ],
        [
          935,
          767
        ],
        [
          936,
          767
        ],
        [
          937,
          767
        ],
        [
          938,
          767
        ],
        [
          939,
          767
        ],
        [
          940,
          767
        ],
        [
          941,
          767
        ],
        [
          942,
          767
        ],
        [
          943,
          767
        ],
        [
          944,
          767
        ],
        [
          945,
          767
        ],
        [
          946,
          767
        ],
        [
          947,
          767
        ],
        [
          948,
          767
        ],
        [
          949,
          767
        ],
        [
          950,
          767
        ],
        [
          951,
          767
        ],
        [
          952,
          767
        ],
        [
          953,
          767
        ],
        [
          954,
          767
        ],
        [
          955,
          767
        ],
        [
          956,
          767
        ],
        [
          957,
          767
        ],
        [
          958,
          767
        ],
        [
          959,
          767
        ],
        [
          960,
          767
        ],
        [
          961,
          767
        ],
        [
          962,
          767
        ],
        [
          963,
          767
        ],
        [
          964,
          767
        ],
        [
          965,
          767
        ],
        [
          966,
          767
        ],
        [
          967,
          767
        ],
        [
          968,
          767
        ],
        [
          969,
          767
        ],
        [
          970,
          767
        ],
        [
          971,
          767
        ],
        [
          972,
          767
        ],
        [
          973,
          767
        ],
        [
          974,
          767
        ],
        [
          975,
          767
        ],
        [
          976,
          767
        ],
        [
          977,
          767
        ],
        [
          978,
          767
        ],
        [
          979,
          767
        ],
        [
          980,
          767
        ],
        [
          981,
          767
        ],
        [
          982,
          767
        ],
        [
          983,
          767
        ],
        [
          984,
          767
        ],
        [
          985,
          767
        ],
        [
          986,
          767
        ],
        [
          987,
          767
        ],
        [
          988,
          767
        ],
        [
          989,
          767
        ],
        [
          990,
          767
        ],
        [
          991,
          767
        ],
        [
          992,
          767
        ],
        [
          993,
          767
        ],
        [
          994,
          767
        ],
        [
          995,
          767
        ],
        [
          996,
          767
        ],
        [
          997,
          767
        ],
        [
          998,
          767
        ],
        [
          999,
          767
        ],
        [
          1000,
          767
        ],
        [
          1001,
          767
        ],
        [
          1002,
          767
        ],
        [
          1003,
          767
        ],
        [
          1004,
          767
        ],
        [
          1005,
          767
        ],
        [
          1006,
          767
        ],
        [
          1007,
          767
        ],
        [
          1008,
          767
        ],
        [
          1009,
          767
        ],
        [
          1010,
          767
        ],
        [
          1011,
          767
        ],
        [
          1012,
          767
        ],
        [
          1013,
          767
        ],
        [
          1014,
          767
        ],
        [
          1015,
          767
        ],
        [
          1016,
          767
        ],
        [
          1017,
          767
        ],
        [
          1018,
          767
        ],
        [
          1019,
          767
        ],
        [
          1020,
          767
        ],
        [
          1021,
          767
        ],
        [
          1022,
          767
        ],
        [
          1023,
          767
        ],
        [
          1024,
          767
        ],
        [
          1025,
          767
        ],
        [
          1025,
          768
        ],
        [
          1026,
          768
        ],
        [
          1027,
          768
        ],
        [
          1028,
          768
        ],
        [
          1029,
          768
        ],
        [
          1030,
          768
        ],
        [
          1031,
          768
        ],
        [
          1032,
          768
        ],
        [
          1033,
          768
        ],
        [
          1034,
          768
        ],
        [
          1035,
          768
        ],
        [
          1036,
          768
        ],
        [
          1036,
          769
        ],
        [
          1037,
          769
        ],
        [
          1038,
          769
        ],
        [
          1039,
          769
        ],
        [
          1039,
          770
        ],
        [
          1040,
          770
        ],
        [
          1041,
          770
        ],
        [
          1042,
          770
        ],
        [
          1043,
          770
        ],
        [
          1044,
          770
        ],
        [
          1045,
          770
        ],
        [
          1046,
          770
        ],
        [
          1046,
          769
        ],
        [
          1047,
          769
        ],
        [
          1048,
          769
        ],
        [
          1048,
          768
        ],
        [
          1049,
          768
        ],
        [
          1050,
          768
        ],
        [
          1051,
          768
        ],
        [
          1052,
          768
        ],
        [
          1053,
          768
        ],
        [
          1054,
          768
        ],
        [
          1055,
          768
        ],
        [
          1056,
          768
        ],
        [
          1057,
          768
        ],
        [
          1057,
          767
        ],
        [
          1058,
          767
        ],
        [
          1059,
          767
        ],
        [
          1059,
          766
        ],
        [
          1060,
          766
        ],
        [
          1060,
          765
        ],
        [
          1061,
          765
        ],
        [
          1061,
          764
        ],
        [
          1061,
          763
        ],
        [
          1061,
          762
        ],
        [
          1061,
          761
        ],
        [
          1061,
          760
        ],
        [
          1061,
          759
        ],
        [
          1061,
          758
        ],
        [
          1061,
          757
        ],
        [
          1061,
          756
        ],
        [
          1061,
          755
        ],
        [
          1061,
          754
        ],
        [
          1061,
          753
        ],
        [
          1061,
          752
        ],
        [
          1061,
          751
        ],
        [
          1061,
          750
        ],
        [
          1061,
          749
        ],
        [
          1061,
          748
        ],
        [
          1061,
          747
        ],
        [
          1061,
          746
        ],
        [
          1061,
          745
        ],
        [
          1061,
          744
        ],
        [
          1061,
          743
        ],
        [
          1061,
          742
        ],
        [
          1061,
          741
        ],
        [
          1061,
          740
        ],
        [
          1061,
          739
        ],
        [
          1061,
          738
        ],
        [
          1061,
          737
        ],
        [
          1061,
          736
        ],
        [
          1061,
          735
        ],
        [
          1061,
          734
        ],
        [
          1061,
          733
        ],
        [
          1061,
          732
        ],
        [
          1061,
          731
        ],
        [
          1061,
          730
        ],
        [
          1061,
          729
        ],
        [
          1060,
          729
        ],
        [
          1060,
          728
        ],
        [
          1060,
          727
        ],
        [
          1060,
          726
        ],
        [
          1060,
          725
        ],
        [
          1060,
          724
        ],
        [
          1060,
          723
        ],
        [
          1061,
          723
        ],
        [
          1061,
          722
        ],
        [
          1061,
          721
        ],
        [
          1061,
          720
        ],
        [
          1061,
          719
        ],
        [
          1061,
          718
        ],
        [
          1061,
          717
        ],
        [
          1061,
          716
        ],
        [
          1061,
          715
        ],
        [
          1061,
          714
        ],
        [
          1061,
          713
        ],
        [
          1061,
          712
        ],
        [
          1061,
          711
        ],
        [
          1061,
          710
        ],
        [
          1061,
          709
        ],
        [
          1061,
          708
        ],
        [
          1061,
          707
        ],
        [
          1061,
          706
        ],
        [
          1061,
          705
        ],
        [
          1061,
          704
        ],
        [
          1061,
          703
        ],
        [
          1061,
          702
        ],
        [
          1061,
          701
        ],
        [
          1061,
          700
        ],
        [
          1061,
          699
        ],
        [
          1061,
          698
        ],
        [
          1061,
          697
        ],
        [
          1061,
          696
        ],
        [
          1061,
          695
        ],
        [
          1061,
          694
        ],
        [
          1061,
          693
        ],
        [
          1061,
          692
        ],
        [
          1061,
          691
        ],
        [
          1061,
          690
        ],
        [
          1061,
          689
        ],
        [
          1061,
          688
        ],
        [
          1061,
          687
        ],
        [
          1061,
          686
        ],
        [
          1061,
          685
        ],
        [
          1061,
          684
        ],
        [
          1061,
          683
        ],
        [
          1061,
          682
        ],
        [
          1061,
          681
        ],
        [
          1061,
          680
        ],
        [
          1061,
          679
        ],
        [
          1061,
          678
        ],
        [
          1061,
          677
        ],
        [
          1061,
          676
        ],
        [
          1061,
          675
        ],
        [
          1061,
          674
        ],
        [
          1061,
          673
        ],
        [
          1061,
          672
        ],
        [
          1061,
          671
        ],
        [
          1061,
          670
        ],
        [
          1061,
          669
        ],
        [
          1061,
          668
        ],
        [
          1061,
          667
        ],
        [
          1061,
          666
        ],
        [
          1061,
          665
        ],
        [
          1061,
          664
        ],
        [
          1061,
          663
        ],
        [
          1061,
          662
        ],
        [
          1061,
          661
        ],
        [
          1061,
          660
        ],
        [
          1061,
          659
        ],
        [
          1061,
          658
        ],
        [
          1061,
          657
        ],
        [
          1061,
          656
        ],
        [
          1061,
          655
        ],
        [
          1061,
          654
        ],
        [
          1061,
          653
        ],
        [
          1061,
          652
        ],
        [
          1061,
          651
        ],
        [
          1061,
          650
        ],
        [
          1061,
          649
        ],
        [
          1061,
          648
        ],
        [
          1061,
          647
        ],
        [
          1061,
          646
        ],
        [
          1061,
          645
        ],
        [
          1061,
          644
        ],
        [
          1061,
          643
        ],
        [
          1061,
          642
        ],
        [
          1061,
          641
        ],
        [
          1061,
          640
        ],
        [
          1061,
          639
        ],
        [
          1061,
          638
        ],
        [
          1061,
          637
        ],
        [
          1061,
          636
        ],
        [
          1061,
          635
        ],
        [
          1061,
          634
        ],
        [
          1061,
          633
        ],
        [
          1061,
          632
        ],
        [
          1061,
          631
        ],
        [
          1061,
          630
        ],
        [
          1061,
          629
        ],
        [
          1061,
          628
        ],
        [
          1061,
          627
        ],
        [
          1061,
          626
        ],
        [
          1061,
          625
        ],
        [
          1061,
          624
        ],
        [
          1061,
          623
        ],
        [
          1061,
          622
        ],
        [
          1061,
          621
        ],
        [
          1061,
          620
        ],
        [
          1061,
          619
        ],
        [
          1061,
          618
        ],
        [
          1061,
          617
        ],
        [
          1061,
          616
        ],
        [
          1061,
          615
        ],
        [
          1061,
          614
        ],
        [
          1061,
          613
        ],
        [
          1061,
          612
        ],
        [
          1061,
          611
        ],
        [
          1061,
          610
        ],
        [
          1061,
          609
        ],
        [
          1061,
          608
        ],
        [
          1061,
          607
        ],
        [
          1061,
          606
        ],
        [
          1061,
          605
        ],
        [
          1061,
          604
        ],
        [
          1061,
          603
        ],
        [
          1061,
          602
        ],
        [
          1061,
          601
        ],
        [
          1061,
          600
        ],
        [
          1061,
          599
        ],
        [
          1061,
          598
        ],
        [
          1061,
          597
        ],
        [
          1061,
          596
        ],
        [
          1061,
          595
        ],
        [
          1061,
          594
        ],
        [
          1061,
          593
        ],
        [
          1061,
          592
        ],
        [
          1061,
          591
        ],
        [
          1061,
          590
        ],
        [
          1061,
          589
        ],
        [
          1061,
          588
        ],
        [
          1061,
          587
        ],
        [
          1061,
          586
        ],
        [
          1061,
          585
        ],
        [
          1061,
          584
        ],
        [
          1061,
          583
        ],
        [
          1061,
          582
        ],
        [
          1061,
          581
        ],
        [
          1061,
          580
        ],
        [
          1061,
          579
        ],
        [
          1061,
          578
        ],
        [
          1061,
          577
        ],
        [
          1061,
          576
        ],
        [
          1061,
          575
        ],
        [
          1061,
          574
        ],
        [
          1061,
          573
        ],
        [
          1061,
          572
        ],
        [
          1061,
          571
        ],
        [
          1061,
          570
        ],
        [
          1061,
          569
        ],
        [
          1061,
          568
        ],
        [
          1061,
          567
        ],
        [
          1061,
          566
        ],
        [
          1061,
          565
        ],
        [
          1061,
          564
        ],
        [
          1061,
          563
        ],
        [
          1061,
          562
        ],
        [
          1061,
          561
        ],
        [
          1061,
          560
        ],
        [
          1061,
          559
        ],
        [
          1061,
          558
        ],
        [
          1061,
          557
        ],
        [
          1061,
          556
        ],
        [
          1061,
          555
        ],
        [
          1061,
          554
        ],
        [
          1061,
          553
        ],
        [
          1061,
          552
        ],
        [
          1061,
          551
        ],
        [
          1061,
          550
        ],
        [
          1061,
          549
        ],
        [
          1061,
          548
        ],
        [
          1061,
          547
        ],
        [
          1061,
          546
        ],
        [
          1061,
          545
        ],
        [
          1061,
          544
        ],
        [
          1061,
          543
        ],
        [
          1061,
          542
        ],
        [
          1061,
          541
        ],
        [
          1061,
          540
        ],
        [
          1061,
          539
        ],
        [
          1061,
          538
        ],
        [
          1061,
          537
        ],
        [
          1061,
          536
        ],
        [
          1061,
          535
        ],
        [
          1061,
          534
        ],
        [
          1061,
          533
        ],
        [
          1061,
          532
        ],
        [
          1061,
          531
        ],
        [
          1061,
          530
        ],
        [
          1061,
          529
        ],
        [
          1061,
          528
        ],
        [
          1061,
          527
        ],
        [
          1061,
          526
        ],
        [
          1061,
          525
        ],
        [
          1061,
          524
        ],
        [
          1061,
          523
        ],
        [
          1061,
          522
        ],
        [
          1061,
          521
        ],
        [
          1061,
          520
        ],
        [
          1061,
          519
        ],
        [
          1061,
          518
        ],
        [
          1061,
          517
        ],
        [
          1061,
          516
        ],
        [
          1061,
          515
        ],
        [
          1061,
          514
        ],
        [
          1061,
          513
        ],
        [
          1061,
          512
        ],
        [
          1061,
          511
        ],
        [
          1061,
          510
        ],
        [
          1061,
          509
        ],
        [
          1061,
          508
        ],
        [
          1061,
          507
        ],
        [
          1061,
          506
        ],
        [
          1061,
          505
        ],
        [
          1061,
          504
        ],
        [
          1061,
          503
        ],
        [
          1061,
          502
        ],
        [
          1061,
          501
        ]
      ]
    }
  ]
}