{
  "image": "casa.png",
  "width": 1785,
  "height": 1004,
  "alpha_threshold": 0,
  "polygons": [
    {
      "type": "outer",
      "points": [
        [
          94,
          914
        ],
        [
          95,
          914
        ],
        [
          95,
          913
        ],
        [
          96,
          913
        ],
        [
          96,
          912
        ],
        [
          97,
          912
        ],
        [
          98,
          912
        ],
        [
          98,
          911
        ],
        [
          99,
          911
        ],
        [
          100,
          911
        ],
        [
          100,
          910
        ],
        [
          101,
          910
        ],
        [
          101,
          909
        ],
        [
          102,
          909
        ],
        [
          103,
          909
        ],
        [
          103,
          908
        ],
        [
          104,
          908
        ],
        [
          105,
          908
        ],
        [
          105,
          907
        ],
        [
          106,
          907
        ],
        [
          106,
          906
        ],
        [
          107,
          906
        ],
        [
          108,
          906
        ],
        [
          108,
          905
        ],
        [
          109,
          905
        ],
        [
          109,
          904
        ],
        [
          110,
          904
        ],
        [
          111,
          904
        ],
        [
          111,
          903
        ],
        [
          112,
          903
        ],
        [
          112,
          902
        ],
        [
          113,
          902
        ],
        [
          114,
          902
        ],
        [
          114,
          901
        ],
        [
          115,
          901
        ],
        [
          115,
          900
        ],
        [
          116,
          900
        ],
        [
          117,
          900
        ],
        [
          117,
          899
        ],
        [
          118,
          899
        ],
        [
          118,
          898
        ],
        [
          119,
          898
        ],
        [
          120,
          898
        ],
        [
          120,
          897
        ],
        [
          121,
          897
        ],
        [
          122,
          897
        ],
        [
          122,
          896
        ],
        [
          123,
          896
        ],
        [
          124,
          896
        ],
        [
          124,
          895
        ],
        [
          125,
          895
        ],
        [
          125,
          894
        ],
        [
          126,
          894
        ],
        [
          126,
          893
        ],
        [
          127,
          893
        ],
        [
          128,
          893
        ],
        [
          128,
          892
        ],
        [
          129,
          892
        ],
        [
          130,
          892
        ],
        [
          130,
          891
        ],
        [
          131,
          891
        ],
        [
          132,
          891
        ],
        [
          132,
          890
        ],
        [
          133,
          890
        ],
        [
          133,
          889
        ],
        [
          134,
          889
        ],
        [
          135,
          889
        ],
        [
          135,
          888
        ],
        [
          136,
          888
        ],
        [
          136,
          887
        ],
        [
          137,
          887
        ],
        [
          138,
          887
        ],
        [
          138,
          886
        ],
        [
          139,
          886
        ],
        [
          139,
          885
        ],
        [
          140,
          885
        ],
        [
          141,
          885
        ],
        [
          141,
          884
        ],
        [
          142,
          884
        ],
        [
          142,
          883
        ],
        [
          143,
          883
        ],
        [
          144,
          883
        ],
        [
          144,
          882
        ],
        [
          145,
          882
        ],
        [
          145,
          881
        ],
        [
          146,
          881
        ],
        [
          147,
          881
        ],
        [
          147,
          880
        ],
        [
          148,
          880
        ],
        [
          149,
          880
        ],
        [
          149,
          879
        ],
        [
          150,
          879
        ],
        [
          150,
          878
        ],
        [
          151,
          878
        ],
        [
          152,
          878
        ],
        [
          152,
          877
        ],
        [
          153,
          877
        ],
        [
          153,
          876
        ],
        [
          154,
          876
        ],
        [
          155,
          876
        ],
        [
          155,
          875
        ],
        [
          156,
          875
        ],
        [
          156,
          874
        ],
        [
          157,
          874
        ],
        [
          158,
          874
        ],
        [
          158,
          873
        ],
        [
          159,
          873
        ],
        [
          159,
          872
        ],
        [
          160,
          872
        ],
        [
          161,
          872
        ],
        [
          161,
          871
        ],
        [
          162,
          871
        ],
        [
          163,
          871
        ],
        [
          163,
          870
        ],
        [
          164,
          870
        ],
        [
          164,
          869
        ],
        [
          165,
          869
        ],
        [
          166,
          869
        ],
        [
          166,
          868
        ],
        [
          167,
          868
        ],
        [
          168,
          868
        ],
        [
          168,
          867
        ],
        [
          169,
          867
        ],
        [
          169,
          866
        ],
        [
          170,
          866
        ],
        [
          170,
          865
        ],
        [
          171,
          865
        ],
        [
          172,
          865
        ],
        [
          172,
          864
        ],
        [
          173,
          864
        ],
        [
          173,
          863
        ],
        [
          174,
          863
        ],
        [
          174,
          862
        ],
        [
          175,
          862
        ],
        [
          175,
          861
        ],
        [
          176,
          861
        ],
        [
          177,
          861
        ],
        [
          177,
          860
        ],
        [
          178,
          860
        ],
        [
          179,
          860
        ],
        [
          179,
          859
        ],
        [
          180,
          859
        ],
        [
          180,
          858
        ],
        [
          181,
          858
        ],
        [
          182,
          858
        ],
        [
          182,
          857
        ],
        [
          183,
          857
        ],
        [
          184,
          857
        ],
        [
          184,
          856
        ],
        [
          185,
          856
        ],
        [
          185,
          855
        ],
        [
          186,
          855
        ],
        [
          187,
          855
        ],
        [
          187,
          854
        ],
        [
          188,
          854
        ],
        [
          188,
          853
        ],
        [
          189,
          853
        ],
        [
          190,
          853
        ],
        [
          190,
          852
        ],
        [
          191,
          852
        ],
        [
          192,
          852
        ],
        [
          192,
          851
        ],
        [
          193,
          851
        ],
        [
          194,
          851
        ],
        [
          194,
          850
        ],
        [
          195,
          850
        ],
        [
          196,
          850
        ],
        [
          196,
          849
        ],
        [
          197,
          849
        ],
        [
          198,
          849
        ],
        [
          198,
          848
        ],
        [
          199,
          848
        ],
        [
          200,
          848
        ],
        [
          200,
          847
        ],
        [
          201,
          847
        ],
        [
          201,
          846
        ],
        [
          202,
          846
        ],
        [
          203,
          846
        ],
        [
          203,
          845
        ],
        [
          204,
          845
        ],
        [
          205,
          845
        ],
        [
          205,
          844
        ],
        [
          206,
          844
        ],
        [
          206,
          843
        ],
        [
          207,
          843
        ],
        [
          207,
          842
        ],
        [
          208,
          842
        ],
        [
          209,
          842
        ],
        [
          209,
          841
        ],
        [
          210,
          841
        ],
        [
          210,
          840
        ],
        [
          211,
          840
        ],
        [
          212,
          840
        ],
        [
          212,
          839
        ],
        [
          213,
          839
        ],
        [
          214,
          839
        ],
        [
          214,
          838
        ],
        [
          215,
          838
        ],
        [
          215,
          837
        ],
        [
          216,
          837
        ],
        [
          216,
          836
        ],
        [
          217,
          836
        ],
        [
          217,
          835
        ],
        [
          217,
          834
        ],
        [
          217,
          833
        ],
        [
          218,
          833
        ],
        [
          218,
          832
        ],
        [
          218,
          831
        ],
        [
          218,
          830
        ],
        [
          219,
          830
        ],
        [
          219,
          829
        ],
        [
          219,
          828
        ],
        [
          218,
          828
        ],
        [
          218,
          827
        ],
        [
          218,
          826
        ],
        [
          218,
          825
        ],
        [
          218,
          824
        ],
        [
          218,
          823
        ],
        [
          218,
          822
        ],
        [
          218,
          821
        ],
        [
          218,
          820
        ],
        [
          218,
          819
        ],
        [
          218,
          818
        ],
        [
          218,
          817
        ],
        [
          218,
          816
        ],
        [
          218,
          815
        ],
        [
          218,
          814
        ],
        [
          218,
          813
        ],
        [
          219,
          813
        ],
        [
          219,
          812
        ],
        [
          219,
          811
        ],
        [
          218,
          811
        ],
        [
          218,
          810
        ],
        [
          218,
          809
        ],
        [
          218,
          808
        ],
        [
          218,
          807
        ],
        [
          218,
          806
        ],
        [
          218,
          805
        ],
        [
          218,
          804
        ],
        [
          218,
          803
        ],
        [
          218,
          802
        ],
        [
          218,
          801
        ],
        [
          218,
          800
        ],
        [
          218,
          799
        ],
        [
          218,
          798
        ],
        [
          218,
          797
        ],
        [
          218,
          796
        ],
        [
          218,
          795
        ],
        [
          218,
          794
        ],
        [
          218,
          793
        ],
        [
          218,
          792
        ],
        [
          218,
          791
        ],
        [
          218,
          790
        ],
        [
          218,
          789
        ],
        [
          218,
          788
        ],
        [
          218,
          787
        ],
        [
          218,
          786
        ],
        [
          218,
          785
        ],
        [
          218,
          784
        ],
        [
          218,
          783
        ],
        [
          218,
          782
        ],
        [
          218,
          781
        ],
        [
          218,
          780
        ],
        [
          218,
          779
        ],
        [
          218,
          778
        ],
        [
          218,
          777
        ],
        [
          218,
          776
        ],
        [
          218,
          775
        ],
        [
          218,
          774
        ],
        [
          218,
          773
        ],
        [
          218,
          772
        ],
        [
          218,
          771
        ],
        [
          218,
          770
        ],
        [
          218,
          769
        ],
        [
          218,
          768
        ],
        [
          218,
          767
        ],
        [
          218,
          766
        ],
        [
          218,
          765
        ],
        [
          218,
          764
        ],
        [
          218,
          763
        ],
        [
          218,
          762
        ],
        [
          218,
          761
        ],
        [
          218,
          760
        ],
        [
          218,
          759
        ],
        [
          218,
          758
        ],
        [
          218,
          757
        ],
        [
          218,
          756
        ],
        [
          218,
          755
        ],
        [
          218,
          754
        ],
        [
          218,
          753
        ],
        [
          218,
          752
        ],
        [
          218,
          751
        ],
        [
          218,
          750
        ],
        [
          218,
          749
        ],
        [
          218,
          748
        ],
        [
          218,
          747
        ],
        [
          218,
          746
        ],
        [
          218,
          745
        ],
        [
          218,
          744
        ],
        [
          218,
          743
        ],
        [
          218,
          742
        ],
        [
          218,
          741
        ],
        [
          218,
          740
        ],
        [
          218,
          739
        ],
        [
          218,
          738
        ],
        [
          218,
          737
        ],
        [
          218,
          736
        ],
        [
          218,
          735
        ],
        [
          218,
          734
        ],
        [
          218,
          733
        ],
        [
          218,
          732
        ],
        [
          218,
          731
        ],
        [
          218,
          730
        ],
        [
          218,
          729
        ],
        [
          218,
          728
        ],
        [
          218,
          727
        ],
        [
          218,
          726
        ],
        [
          218,
          725
        ],
        [
          218,
          724
        ],
        [
          218,
          723
        ],
        [
          218,
          722
        ],
        [
          218,
          721
        ],
        [
          218,
          720
        ],
        [
          218,
          719
        ],
        [
          218,
          718
        ],
        [
          218,
          717
        ],
        [
          218,
          716
        ],
        [
          218,
          715
        ],
        [
          218,
          714
        ],
        [
          218,
          713
        ],
        [
          218,
          712
        ],
        [
          218,
          711
        ],
        [
          218,
          710
        ],
        [
          218,
          709
        ],
        [
          218,
          708
        ],
        [
          218,
          707
        ],
        [
          218,
          706
        ],
        [
          218,
          705
        ],
        [
          218,
          704
        ],
        [
          218,
          703
        ],
        [
          218,
          702
        ],
        [
          218,
          701
        ],
        [
          218,
          700
        ],
        [
          218,
          699
        ],
        [
          218,
          698
        ],
        [
          218,
          697
        ],
        [
          218,
          696
        ],
        [
          218,
          695
        ],
        [
          218,
          694
        ],
        [
          218,
          693
        ],
        [
          218,
          692
        ],
        [
          218,
          691
        ],
        [
          218,
          690
        ],
        [
          218,
          689
        ],
        [
          218,
          688
        ],
        [
          218,
          687
        ],
        [
          217,
          687
        ],
        [
          217,
          686
        ],
        [
          218,
          686
        ],
        [
          218,
          685
        ],
        [
          218,
          684
        ],
        [
          218,
          683
        ],
        [
          218,
          682
        ],
        [
          218,
          681
        ],
        [
          218,
          680
        ],
        [
          218,
          679
        ],
        [
          218,
          678
        ],
        [
          218,
          677
        ],
        [
          218,
          676
        ],
        [
          218,
          675
        ],
        [
          218,
          674
        ],
        [
          218,
          673
        ],
        [
          218,
          672
        ],
        [
          218,
          671
        ],
        [
          217,
          671
        ],
        [
          217,
          670
        ],
        [
          217,
          669
        ],
        [
          218,
          669
        ],
        [
          218,
          668
        ],
        [
          218,
          667
        ],
        [
          218,
          666
        ],
        [
          218,
          665
        ],
        [
          218,
          664
        ],
        [
          218,
          663
        ],
        [
          218,
          662
        ],
        [
          218,
          661
        ],
        [
          218,
          660
        ],
        [
          218,
          659
        ],
        [
          218,
          658
        ],
        [
          218,
          657
        ],
        [
          218,
          656
        ],
        [
          218,
          655
        ],
        [
          218,
          654
        ],
        [
          218,
          653
        ],
        [
          218,
          652
        ],
        [
          218,
          651
        ],
        [
          218,
          650
        ],
        [
          218,
          649
        ],
        [
          218,
          648
        ],
        [
          218,
          647
        ],
        [
          218,
          646
        ],
        [
          218,
          645
        ],
        [
          218,
          644
        ],
        [
          218,
          643
        ],
        [
          218,
          642
        ],
        [
          218,
          641
        ],
        [
          218,
          640
        ],
        [
          218,
          639
        ],
        [
          218,
          638
        ],
        [
          218,
          637
        ],
        [
          218,
          636
        ],
        [
          218,
          635
        ],
        [
          218,
          634
        ],
        [
          218,
          633
        ],
        [
          218,
          632
        ],
        [
          218,
          631
        ],
        [
          218,
          630
        ],
        [
          218,
          629
        ],
        [
          218,
          628
        ],
        [
          218,
          627
        ],
        [
          218,
          626
        ],
        [
          218,
          625
        ],
        [
          218,
          624
        ],
        [
          217,
          624
        ],
        [
          217,
          623
        ],
        [
          218,
          623
        ],
        [
          218,
          622
        ],
        [
          218,
          621
        ],
        [
          218,
          620
        ],
        [
          218,
          619
        ],
        [
          218,
          618
        ],
        [
          218,
          617
        ],
        [
          218,
          616
        ],
        [
          218,
          615
        ],
        [
          218,
          614
        ],
        [
          218,
          613
        ],
        [
          218,
          612
        ],
        [
          218,
          611
        ],
        [
          218,
          610
        ],
        [
          218,
          609
        ],
        [
          218,
          608
        ],
        [
          218,
          607
        ],
        [
          218,
          606
        ],
        [
          217,
          606
        ],
        [
          217,
          605
        ],
        [
          217,
          604
        ],
        [
          217,
          603
        ],
        [
          217,
          602
        ],
        [
          217,
          601
        ],
        [
          218,
          601
        ],
        [
          218,
          600
        ],
        [
          218,
          599
        ],
        [
          218,
          598
        ],
        [
          218,
          597
        ],
        [
          218,
          596
        ],
        [
          218,
          595
        ],
        [
          218,
          594
        ],
        [
          218,
          593
        ],
        [
          218,
          592
        ],
        [
          218,
          591
        ],
        [
          218,
          590
        ],
        [
          218,
          589
        ],
        [
          218,
          588
        ],
        [
          218,
          587
        ],
        [
          218,
          586
        ],
        [
          218,
          585
        ],
        [
          218,
          584
        ],
        [
          218,
          583
        ],
        [
          218,
          582
        ],
        [
          218,
          581
        ],
        [
          218,
          580
        ],
        [
          218,
          579
        ],
        [
          218,
          578
        ],
        [
          218,
          577
        ],
        [
          218,
          576
        ],
        [
          218,
          575
        ],
        [
          218,
          574
        ],
        [
          218,
          573
        ],
        [
          218,
          572
        ],
        [
          218,
          571
        ],
        [
          218,
          570
        ],
        [
          218,
          569
        ],
        [
          218,
          568
        ],
        [
          218,
          567
        ],
        [
          218,
          566
        ],
        [
          218,
          565
        ],
        [
          218,
          564
        ],
        [
          218,
          563
        ],
        [
          218,
          562
        ],
        [
          218,
          561
        ],
        [
          218,
          560
        ],
        [
          218,
          559
        ],
        [
          218,
          558
        ],
        [
          218,
          557
        ],
        [
          218,
          556
        ],
        [
          218,
          555
        ],
        [
          218,
          554
        ],
        [
          218,
          553
        ],
        [
          218,
          552
        ],
        [
          218,
          551
        ],
        [
          218,
          550
        ],
        [
          218,
          549
        ],
        [
          218,
          548
        ],
        [
          218,
          547
        ],
        [
          218,
          546
        ],
        [
          218,
          545
        ],
        [
          218,
          544
        ],
        [
          218,
          543
        ],
        [
          218,
          542
        ],
        [
          219,
          542
        ],
        [
          219,
          541
        ],
        [
          219,
          540
        ],
        [
          219,
          539
        ],
        [
          218,
          539
        ],
        [
          218,
          538
        ],
        [
          218,
          537
        ],
        [
          218,
          536
        ],
        [
          218,
          535
        ],
        [
          218,
          534
        ],
        [
          218,
          533
        ],
        [
          218,
          532
        ],
        [
          218,
          531
        ],
        [
          218,
          530
        ],
        [
          218,
          529
        ],
        [
          218,
          528
        ],
        [
          218,
          527
        ],
        [
          218,
          526
        ],
        [
          218,
          525
        ],
        [
          218,
          524
        ],
        [
          218,
          523
        ],
        [
          218,
          522
        ],
        [
          218,
          521
        ],
        [
          218,
          520
        ],
        [
          218,
          519
        ],
        [
          218,
          518
        ],
        [
          218,
          517
        ],
        [
          218,
          516
        ],
        [
          218,
          515
        ],
        [
          218,
          514
        ],
        [
          218,
          513
        ],
        [
          218,
          512
        ],
        [
          218,
          511
        ],
        [
          218,
          510
        ],
        [
          218,
          509
        ],
        [
          218,
          508
        ],
        [
          218,
          507
        ],
        [
          218,
          506
        ],
        [
          218,
          505
        ],
        [
          218,
          504
        ],
        [
          218,
          503
        ],
        [
          218,
          502
        ],
        [
          218,
          501
        ],
        [
          218,
          500
        ],
        [
          218,
          499
        ],
        [
          218,
          498
        ],
        [
          218,
          497
        ],
        [
          218,
          496
        ],
        [
          218,
          495
        ],
        [
          218,
          494
        ],
        [
          218,
          493
        ],
        [
          218,
          492
        ],
        [
          218,
          491
        ],
        [
          218,
          490
        ],
        [
          218,
          489
        ],
        [
          218,
          488
        ],
        [
          218,
          487
        ],
        [
          218,
          486
        ],
        [
          218,
          485
        ],
        [
          218,
          484
        ],
        [
          218,
          483
        ],
        [
          218,
          482
        ],
        [
          218,
          481
        ],
        [
          218,
          480
        ],
        [
          218,
          479
        ],
        [
          218,
          478
        ],
        [
          218,
          477
        ],
        [
          218,
          476
        ],
        [
          218,
          475
        ],
        [
          218,
          474
        ],
        [
          218,
          473
        ],
        [
          218,
          472
        ],
        [
          218,
          471
        ],
        [
          218,
          470
        ],
        [
          218,
          469
        ],
        [
          218,
          468
        ],
        [
          218,
          467
        ],
        [
          218,
          466
        ],
        [
          218,
          465
        ],
        [
          218,
          464
        ],
        [
          218,
          463
        ],
        [
          218,
          462
        ],
        [
          218,
          461
        ],
        [
          218,
          460
        ],
        [
          218,
          459
        ],
        [
          218,
          458
        ],
        [
          218,
          457
        ],
        [
          217,
          457
        ],
        [
          217,
          456
        ],
        [
          218,
          456
        ],
        [
          218,
          455
        ],
        [
          218,
          454
        ],
        [
          218,
          453
        ],
        [
          218,
          452
        ],
        [
          218,
          451
        ],
        [
          218,
          450
        ],
        [
          218,
          449
        ],
        [
          218,
          448
        ],
        [
          218,
          447
        ],
        [
          218,
          446
        ],
        [
          218,
          445
        ],
        [
          218,
          444
        ],
        [
          218,
          443
        ],
        [
          218,
          442
        ],
        [
          217,
          442
        ],
        [
          217,
          441
        ],
        [
          217,
          440
        ],
        [
          218,
          440
        ],
        [
          218,
          439
        ],
        [
          218,
          438
        ],
        [
          218,
          437
        ],
        [
          218,
          436
        ],
        [
          218,
          435
        ],
        [
          218,
          434
        ],
        [
          218,
          433
        ],
        [
          217,
          433
        ],
        [
          217,
          432
        ],
        [
          217,
          431
        ],
        [
          217,
          430
        ],
        [
          217,
          429
        ],
        [
          217,
          428
        ],
        [
          217,
          427
        ],
        [
          217,
          426
        ],
        [
          217,
          425
        ],
        [
          217,
          424
        ],
        [
          217,
          423
        ],
        [
          217,
          422
        ],
        [
          217,
          421
        ],
        [
          217,
          420
        ],
        [
          217,
          419
        ],
        [
          217,
          418
        ],
        [
          217,
          417
        ],
        [
          217,
          416
        ],
        [
          217,
          415
        ],
        [
          217,
          414
        ],
        [
          217,
          413
        ],
        [
          217,
          412
        ],
        [
          217,
          411
        ],
        [
          217,
          410
        ],
        [
          218,
          410
        ],
        [
          218,
          409
        ],
        [
          218,
          408
        ],
        [
          218,
          407
        ],
        [
          218,
          406
        ],
        [
          218,
          405
        ],
        [
          218,
          404
        ],
        [
          218,
          403
        ],
        [
          217,
          403
        ],
        [
          217,
          402
        ],
        [
          217,
          401
        ],
        [
          217,
          400
        ],
        [
          217,
          399
        ],
        [
          217,
          398
        ],
        [
          217,
          397
        ],
        [
          217,
          396
        ],
        [
          217,
          395
        ],
        [
          217,
          394
        ],
        [
          217,
          393
        ],
        [
          217,
          392
        ],
        [
          217,
          391
        ],
        [
          217,
          390
        ],
        [
          217,
          389
        ],
        [
          217,
          388
        ],
        [
          218,
          388
        ],
        [
          218,
          387
        ],
        [
          218,
          386
        ],
        [
          218,
          385
        ],
        [
          218,
          384
        ],
        [
          217,
          384
        ],
        [
          217,
          383
        ],
        [
          217,
          382
        ],
        [
          217,
          381
        ],
        [
          217,
          380
        ],
        [
          217,
          379
        ],
        [
          217,
          378
        ],
        [
          217,
          377
        ],
        [
          217,
          376
        ],
        [
          217,
          375
        ],
        [
          217,
          374
        ],
        [
          216,
          374
        ],
        [
          216,
          373
        ],
        [
          216,
          372
        ],
        [
          216,
          371
        ],
        [
          216,
          370
        ],
        [
          216,
          369
        ],
        [
          216,
          368
        ],
        [
          216,
          367
        ],
        [
          216,
          366
        ],
        [
          216,
          365
        ],
        [
          216,
          364
        ],
        [
          216,
          363
        ],
        [
          216,
          362
        ],
        [
          216,
          361
        ],
        [
          215,
          361
        ],
        [
          215,
          360
        ],
        [
          215,
          359
        ],
        [
          215,
          358
        ],
        [
          214,
          358
        ],
        [
          214,
          357
        ],
        [
          214,
          356
        ],
        [
          214,
          355
        ],
        [
          214,
          354
        ],
        [
          214,
          353
        ],
        [
          214,
          352
        ],
        [
          214,
          351
        ],
        [
          214,
          350
        ],
        [
          213,
          350
        ],
        [
          213,
          349
        ],
        [
          213,
          348
        ],
        [
          213,
          347
        ],
        [
          213,
          346
        ],
        [
          213,
          345
        ],
        [
          212,
          345
        ],
        [
          212,
          344
        ],
        [
          212,
          343
        ],
        [
          212,
          342
        ],
        [
          212,
          341
        ],
        [
          212,
          340
        ],
        [
          212,
          339
        ],
        [
          211,
          339
        ],
        [
          211,
          338
        ],
        [
          211,
          337
        ],
        [
          211,
          336
        ],
        [
          211,
          335
        ],
        [
          211,
          334
        ],
        [
          210,
          334
        ],
        [
          210,
          333
        ],
        [
          210,
          332
        ],
        [
          210,
          331
        ],
        [
          210,
          330
        ],
        [
          210,
          329
        ],
        [
          210,
          328
        ],
        [
          209,
          328
        ],
        [
          209,
          327
        ],
        [
          209,
          326
        ],
        [
          209,
          325
        ],
        [
          209,
          324
        ],
        [
          209,
          323
        ],
        [
          208,
          323
        ],
        [
          208,
          322
        ],
        [
          208,
          321
        ],
        [
          208,
          320
        ],
        [
          208,
          319
        ],
        [
          208,
          318
        ],
        [
          208,
          317
        ],
        [
          208,
          316
        ],
        [
          207,
          316
        ],
        [
          207,
          315
        ],
        [
          207,
          314
        ],
        [
          206,
          314
        ],
        [
          206,
          313
        ],
        [
          206,
          312
        ],
        [
          206,
          311
        ],
        [
          205,
          311
        ],
        [
          205,
          310
        ],
        [
          205,
          309
        ],
        [
          205,
          308
        ],
        [
          204,
          308
        ],
        [
          204,
          307
        ],
        [
          204,
          306
        ],
        [
          204,
          305
        ],
        [
          203,
          305
        ],
        [
          203,
          304
        ],
        [
          203,
          303
        ],
        [
          203,
          302
        ],
        [
          203,
          301
        ],
        [
          202,
          301
        ],
        [
          202,
          300
        ],
        [
          202,
          299
        ],
        [
          201,
          299
        ],
        [
          201,
          298
        ],
        [
          201,
          297
        ],
        [
          201,
          296
        ],
        [
          200,
          296
        ],
        [
          200,
          295
        ],
        [
          200,
          294
        ],
        [
          200,
          293
        ],
        [
          199,
          293
        ],
        [
          199,
          292
        ],
        [
          199,
          291
        ],
        [
          199,
          290
        ],
        [
          198,
          290
        ],
        [
          198,
          289
        ],
        [
          198,
          288
        ],
        [
          197,
          288
        ],
        [
          197,
          287
        ],
        [
          197,
          286
        ],
        [
          196,
          286
        ],
        [
          196,
          285
        ],
        [
          196,
          284
        ],
        [
          195,
          284
        ],
        [
          195,
          283
        ],
        [
          195,
          282
        ],
        [
          195,
          281
        ],
        [
          194,
          281
        ],
        [
          194,
          280
        ],
        [
          194,
          279
        ],
        [
          193,
          279
        ],
        [
          193,
          278
        ],
        [
          193,
          277
        ],
        [
          192,
          277
        ],
        [
          192,
          276
        ],
        [
          192,
          275
        ],
        [
          191,
          275
        ],
        [
          191,
          274
        ],
        [
          191,
          273
        ],
        [
          190,
          273
        ],
        [
          190,
          272
        ],
        [
          189,
          272
        ],
        [
          189,
          271
        ],
        [
          189,
          270
        ],
        [
          189,
          269
        ],
        [
          188,
          269
        ],
        [
          188,
          268
        ],
        [
          188,
          267
        ],
        [
          187,
          267
        ],
        [
          187,
          266
        ],
        [
          186,
          266
        ],
        [
          186,
          265
        ],
        [
          186,
          264
        ],
        [
          185,
          264
        ],
        [
          185,
          263
        ],
        [
          184,
          263
        ],
        [
          184,
          262
        ],
        [
          184,
          261
        ],
        [
          183,
          261
        ],
        [
          183,
          260
        ],
        [
          182,
          260
        ],
        [
          182,
          259
        ],
        [
          181,
          259
        ],
        [
          181,
          258
        ],
        [
          180,
          258
        ],
        [
          180,
          257
        ],
        [
          180,
          256
        ],
        [
          179,
          256
        ],
        [
          179,
          255
        ],
        [
          178,
          255
        ],
        [
          178,
          254
        ],
        [
          177,
          254
        ],
        [
          177,
          253
        ],
        [
          176,
          253
        ],
        [
          176,
          252
        ],
        [
          175,
          252
        ],
        [
          175,
          251
        ],
        [
          174,
          251
        ],
        [
          174,
          250
        ],
        [
          173,
          250
        ],
        [
          173,
          249
        ],
        [
          172,
          249
        ],
        [
          172,
          248
        ],
        [
          171,
          248
        ],
        [
          170,
          248
        ],
        [
          170,
          247
        ],
        [
          169,
          247
        ],
        [
          169,
          246
        ],
        [
          168,
          246
        ],
        [
          168,
          245
        ],
        [
          167,
          245
        ],
        [
          166,
          245
        ],
        [
          166,
          244
        ],
        [
          165,
          244
        ],
        [
          164,
          244
        ],
        [
          164,
          243
        ],
        [
          163,
          243
        ],
        [
          162,
          243
        ],
        [
          162,
          242
        ],
        [
          161,
          242
        ],
        [
          160,
          242
        ],
        [
          160,
          241
        ],
        [
          159,
          241
        ],
        [
          158,
          241
        ],
        [
          157,
          241
        ],
        [
          156,
          241
        ],
        [
          155,
          241
        ],
        [
          154,
          241
        ],
        [
          154,
          240
        ],
        [
          153,
          240
        ],
        [
          152,
          240
        ],
        [
          151,
          240
        ],
        [
          150,
          240
        ],
        [
          149,
          240
        ],
        [
          148,
          240
        ],
        [
          147,
          240
        ],
        [
          146,
          240
        ],
        [
          145,
          240
        ],
        [
          145,
          241
        ],
        [
          144,
          241
        ],
        [
          143,
          241
        ],
        [
          142,
          241
        ],
        [
          142,
          242
        ],
        [
          141,
          242
        ],
        [
          140,
          242
        ],
        [
          139,
          242
        ],
        [
          139,
          243
        ],
        [
          138,
          243
        ],
        [
          137,
          243
        ],
        [
          136,
          243
        ],
        [
          136,
          244
        ],
        [
          135,
          244
        ],
        [
          134,
          244
        ],
        [
          134,
          245
        ],
        [
          133,
          245
        ],
        [
          133,
          246
        ],
        [
          132,
          246
        ],
        [
          131,
          246
        ],
        [
          131,
          247
        ],
        [
          130,
          247
        ],
        [
          130,
          248
        ],
        [
          129,
          248
        ],
        [
          129,
          249
        ],
        [
          128,
          249
        ],
        [
          127,
          249
        ],
        [
          127,
          250
        ],
        [
          126,
          250
        ],
        [
          126,
          251
        ],
        [
          125,
          251
        ],
        [
          125,
          252
        ],
        [
          124,
          252
        ],
        [
          124,
          253
        ],
        [
          123,
          253
        ],
        [
          123,
          254
        ],
        [
          122,
          254
        ],
        [
          122,
          255
        ],
        [
          121,
          255
        ],
        [
          121,
          256
        ],
        [
          120,
          256
        ],
        [
          120,
          257
        ],
        [
          119,
          257
        ],
        [
          119,
          258
        ],
        [
          119,
          259
        ],
        [
          118,
          259
        ],
        [
          118,
          260
        ],
        [
          117,
          260
        ],
        [
          117,
          261
        ],
        [
          117,
          262
        ],
        [
          116,
          262
        ],
        [
          116,
          263
        ],
        [
          115,
          263
        ],
        [
          115,
          264
        ],
        [
          114,
          264
        ],
        [
          114,
          265
        ],
        [
          114,
          266
        ],
        [
          113,
          266
        ],
        [
          113,
          267
        ],
        [
          112,
          267
        ],
        [
          112,
          268
        ],
        [
          112,
          269
        ],
        [
          111,
          269
        ],
        [
          111,
          270
        ],
        [
          111,
          271
        ],
        [
          110,
          271
        ],
        [
          110,
          272
        ],
        [
          109,
          272
        ],
        [
          109,
          273
        ],
        [
          109,
          274
        ],
        [
          108,
          274
        ],
        [
          108,
          275
        ],
        [
          108,
          276
        ],
        [
          107,
          276
        ],
        [
          107,
          277
        ],
        [
          107,
          278
        ],
        [
          106,
          278
        ],
        [
          106,
          279
        ],
        [
          106,
          280
        ],
        [
          105,
          280
        ],
        [
          105,
          281
        ],
        [
          105,
          282
        ],
        [
          104,
          282
        ],
        [
          104,
          283
        ],
        [
          104,
          284
        ],
        [
          103,
          284
        ],
        [
          103,
          285
        ],
        [
          103,
          286
        ],
        [
          102,
          286
        ],
        [
          102,
          287
        ],
        [
          102,
          288
        ],
        [
          102,
          289
        ],
        [
          101,
          289
        ],
        [
          101,
          290
        ],
        [
          101,
          291
        ],
        [
          100,
          291
        ],
        [
          100,
          292
        ],
        [
          100,
          293
        ],
        [
          100,
          294
        ],
        [
          99,
          294
        ],
        [
          99,
          295
        ],
        [
          99,
          296
        ],
        [
          98,
          296
        ],
        [
          98,
          297
        ],
        [
          98,
          298
        ],
        [
          98,
          299
        ],
        [
          97,
          299
        ],
        [
          97,
          300
        ],
        [
          97,
          301
        ],
        [
          97,
          302
        ],
        [
          96,
          302
        ],
        [
          96,
          303
        ],
        [
          96,
          304
        ],
        [
          96,
          305
        ],
        [
          95,
          305
        ],
        [
          95,
          306
        ],
        [
          95,
          307
        ],
        [
          95,
          308
        ],
        [
          95,
          309
        ],
        [
          94,
          309
        ],
        [
          94,
          310
        ],
        [
          94,
          311
        ],
        [
          94,
          312
        ],
        [
          93,
          312
        ],
        [
          93,
          313
        ],
        [
          93,
          314
        ],
        [
          93,
          315
        ],
        [
          92,
          315
        ],
        [
          92,
          316
        ],
        [
          92,
          317
        ],
        [
          92,
          318
        ],
        [
          92,
          319
        ],
        [
          91,
          319
        ],
        [
          91,
          320
        ],
        [
          91,
          321
        ],
        [
          91,
          322
        ],
        [
          91,
          323
        ],
        [
          90,
          323
        ],
        [
          90,
          324
        ],
        [
          90,
          325
        ],
        [
          90,
          326
        ],
        [
          90,
          327
        ],
        [
          89,
          327
        ],
        [
          89,
          328
        ],
        [
          89,
          329
        ],
        [
          89,
          330
        ],
        [
          89,
          331
        ],
        [
          89,
          332
        ],
        [
          88,
          332
        ],
        [
          88,
          333
        ],
        [
          88,
          334
        ],
        [
          88,
          335
        ],
        [
          88,
          336
        ],
        [
          88,
          337
        ],
        [
          87,
          337
        ],
        [
          87,
          338
        ],
        [
          87,
          339
        ],
        [
          87,
          340
        ],
        [
          87,
          341
        ],
        [
          87,
          342
        ],
        [
          87,
          343
        ],
        [
          86,
          343
        ],
        [
          86,
          344
        ],
        [
          86,
          345
        ],
        [
          86,
          346
        ],
        [
          86,
          347
        ],
        [
          86,
          348
        ],
        [
          86,
          349
        ],
        [
          86,
          350
        ],
        [
          85,
          350
        ],
        [
          85,
          351
        ],
        [
          85,
          352
        ],
        [
          85,
          353
        ],
        [
          85,
          354
        ],
        [
          85,
          355
        ],
        [
          85,
          356
        ],
        [
          85,
          357
        ],
        [
          85,
          358
        ],
        [
          84,
          358
        ],
        [
          84,
          359
        ],
        [
          84,
          360
        ],
        [
          84,
          361
        ],
        [
          84,
          362
        ],
        [
          84,
          363
        ],
        [
          84,
          364
        ],
        [
          84,
          365
        ],
        [
          84,
          366
        ],
        [
          84,
          367
        ],
        [
          83,
          367
        ],
        [
          83,
          368
        ],
        [
          83,
          369
        ],
        [
          83,
          370
        ],
        [
          83,
          371
        ],
        [
          83,
          372
        ],
        [
          83,
          373
        ],
        [
          83,
          374
        ],
        [
          83,
          375
        ],
        [
          83,
          376
        ],
        [
          83,
          377
        ],
        [
          83,
          378
        ],
        [
          82,
          378
        ],
        [
          82,
          379
        ],
        [
          82,
          380
        ],
        [
          82,
          381
        ],
        [
          82,
          382
        ],
        [
          82,
          383
        ],
        [
          82,
          384
        ],
        [
          82,
          385
        ],
        [
          82,
          386
        ],
        [
          82,
          387
        ],
        [
          82,
          388
        ],
        [
          82,
          389
        ],
        [
          82,
          390
        ],
        [
          82,
          391
        ],
        [
          82,
          392
        ],
        [
          82,
          393
        ],
        [
          82,
          394
        ],
        [
          82,
          395
        ],
        [
          82,
          396
        ],
        [
          82,
          397
        ],
        [
          82,
          398
        ],
        [
          82,
          399
        ],
        [
          82,
          400
        ],
        [
          82,
          401
        ],
        [
          81,
          401
        ],
        [
          81,
          402
        ],
        [
          81,
          403
        ],
        [
          81,
          404
        ],
        [
          81,
          405
        ],
        [
          81,
          406
        ],
        [
          81,
          407
        ],
        [
          81,
          408
        ],
        [
          81,
          409
        ],
        [
          81,
          410
        ],
        [
          81,
          411
        ],
        [
          81,
          412
        ],
        [
          81,
          413
        ],
        [
          81,
          414
        ],
        [
          81,
          415
        ],
        [
          81,
          416
        ],
        [
          81,
          417
        ],
        [
          81,
          418
        ],
        [
          81,
          419
        ],
        [
          81,
          420
        ],
        [
          81,
          421
        ],
        [
          81,
          422
        ],
        [
          81,
          423
        ],
        [
          81,
          424
        ],
        [
          81,
          425
        ],
        [
          81,
          426
        ],
        [
          81,
          427
        ],
        [
          81,
          428
        ],
        [
          81,
          429
        ],
        [
          81,
          430
        ],
        [
          81,
          431
        ],
        [
          81,
          432
        ],
        [
          81,
          433
        ],
        [
          81,
          434
        ],
        [
          81,
          435
        ],
        [
          81,
          436
        ],
        [
          81,
          437
        ],
        [
          81,
          438
        ],
        [
          81,
          439
        ],
        [
          81,
          440
        ],
        [
          81,
          441
        ],
        [
          81,
          442
        ],
        [
          81,
          443
        ],
        [
          81,
          444
        ],
        [
          81,
          445
        ],
        [
          81,
          446
        ],
        [
          81,
          447
        ],
        [
          81,
          448
        ],
        [
          81,
          449
        ],
        [
          81,
          450
        ],
        [
          81,
          451
        ],
        [
          81,
          452
        ],
        [
          81,
          453
        ],
        [
          81,
          454
        ],
        [
          81,
          455
        ],
        [
          81,
          456
        ],
        [
          81,
          457
        ],
        [
          81,
          458
        ],
        [
          81,
          459
        ],
        [
          81,
          460
        ],
        [
          81,
          461
        ],
        [
          81,
          462
        ],
        [
          81,
          463
        ],
        [
          81,
          464
        ],
        [
          81,
          465
        ],
        [
          81,
          466
        ],
        [
          81,
          467
        ],
        [
          81,
          468
        ],
        [
          81,
          469
        ],
        [
          81,
          470
        ],
        [
          81,
          471
        ],
        [
          81,
          472
        ],
        [
          81,
          473
        ],
        [
          81,
          474
        ],
        [
          81,
          475
        ],
        [
          81,
          476
        ],
        [
          81,
          477
        ],
        [
          81,
          478
        ],
        [
          81,
          479
        ],
        [
          81,
          480
        ],
        [
          81,
          481
        ],
        [
          81,
          482
        ],
        [
          81,
          483
        ],
        [
          81,
          484
        ],
        [
          81,
          485
        ],
        [
          81,
          486
        ],
        [
          81,
          487
        ],
        [
          81,
          488
        ],
        [
          81,
          489
        ],
        [
          81,
          490
        ],
        [
          81,
          491
        ],
        [
          81,
          492
        ],
        [
          81,
          493
        ],
        [
          81,
          494
        ],
        [
          81,
          495
        ],
        [
          81,
          496
        ],
        [
          81,
          497
        ],
        [
          81,
          498
        ],
        [
          81,
          499
        ],
        [
          81,
          500
        ],
        [
          81,
          501
        ],
        [
          81,
          502
        ],
        [
          81,
          503
        ],
        [
          81,
          504
        ],
        [
          81,
          505
        ],
        [
          81,
          506
        ],
        [
          81,
          507
        ],
        [
          81,
          508
        ],
        [
          81,
          509
        ],
        [
          81,
          510
        ],
        [
          81,
          511
        ],
        [
          81,
          512
        ],
        [
          82,
          512
        ],
        [
          82,
          513
        ],
        [
          82,
          514
        ],
        [
          82,
          515
        ],
        [
          82,
          516
        ],
        [
          82,
          517
        ],
        [
          82,
          518
        ],
        [
          82,
          519
        ],
        [
          82,
          520
        ],
        [
          82,
          521
        ],
        [
          82,
          522
        ],
        [
          82,
          523
        ],
        [
          82,
          524
        ],
        [
          82,
          525
        ],
        [
          82,
          526
        ],
        [
          82,
          527
        ],
        [
          82,
          528
        ],
        [
          82,
          529
        ],
        [
          82,
          530
        ],
        [
          82,
          531
        ],
        [
          82,
          532
        ],
        [
          82,
          533
        ],
        [
          82,
          534
        ],
        [
          82,
          535
        ],
        [
          82,
          536
        ],
        [
          82,
          537
        ],
        [
          82,
          538
        ],
        [
          81,
          538
        ],
        [
          81,
          539
        ],
        [
          81,
          540
        ],
        [
          81,
          541
        ],
        [
          81,
          542
        ],
        [
          81,
          543
        ],
        [
          81,
          544
        ],
        [
          81,
          545
        ],
        [
          81,
          546
        ],
        [
          81,
          547
        ],
        [
          81,
          548
        ],
        [
          81,
          549
        ],
        [
          81,
          550
        ],
        [
          81,
          551
        ],
        [
          81,
          552
        ],
        [
          81,
          553
        ],
        [
          81,
          554
        ],
        [
          81,
          555
        ],
        [
          81,
          556
        ],
        [
          81,
          557
        ],
        [
          81,
          558
        ],
        [
          81,
          559
        ],
        [
          81,
          560
        ],
        [
          81,
          561
        ],
        [
          81,
          562
        ],
        [
          81,
          563
        ],
        [
          81,
          564
        ],
        [
          81,
          565
        ],
        [
          81,
          566
        ],
        [
          81,
          567
        ],
        [
          81,
          568
        ],
        [
          81,
          569
        ],
        [
          81,
          570
        ],
        [
          81,
          571
        ],
        [
          81,
          572
        ],
        [
          81,
          573
        ],
        [
          81,
          574
        ],
        [
          81,
          575
        ],
        [
          81,
          576
        ],
        [
          81,
          577
        ],
        [
          81,
          578
        ],
        [
          81,
          579
        ],
        [
          81,
          580
        ],
        [
          81,
          581
        ],
        [
          81,
          582
        ],
        [
          81,
          583
        ],
        [
          81,
          584
        ],
        [
          81,
          585
        ],
        [
          81,
          586
        ],
        [
          81,
          587
        ],
        [
          81,
          588
        ],
        [
          81,
          589
        ],
        [
          81,
          590
        ],
        [
          81,
          591
        ],
        [
          81,
          592
        ],
        [
          81,
          593
        ],
        [
          81,
          594
        ],
        [
          81,
          595
        ],
        [
          81,
          596
        ],
        [
          81,
          597
        ],
        [
          81,
          598
        ],
        [
          81,
          599
        ],
        [
          82,
          599
        ],
        [
          82,
          600
        ],
        [
          82,
          601
        ],
        [
          82,
          602
        ],
        [
          82,
          603
        ],
        [
          81,
          603
        ],
        [
          81,
          604
        ],
        [
          81,
          605
        ],
        [
          81,
          606
        ],
        [
          81,
          607
        ],
        [
          81,
          608
        ],
        [
          81,
          609
        ],
        [
          81,
          610
        ],
        [
          82,
          610
        ],
        [
          82,
          611
        ],
        [
          82,
          612
        ],
        [
          82,
          613
        ],
        [
          82,
          614
        ],
        [
          82,
          615
        ],
        [
          82,
          616
        ],
        [
          82,
          617
        ],
        [
          82,
          618
        ],
        [
          82,
          619
        ],
        [
          82,
          620
        ],
        [
          82,
          621
        ],
        [
          82,
          622
        ],
        [
          82,
          623
        ],
        [
          82,
          624
        ],
        [
          82,
          625
        ],
        [
          82,
          626
        ],
        [
          82,
          627
        ],
        [
          81,
          627
        ],
        [
          81,
          628
        ],
        [
          81,
          629
        ],
        [
          81,
          630
        ],
        [
          81,
          631
        ],
        [
          81,
          632
        ],
        [
          81,
          633
        ],
        [
          81,
          634
        ],
        [
          81,
          635
        ],
        [
          81,
          636
        ],
        [
          81,
          637
        ],
        [
          81,
          638
        ],
        [
          81,
          639
        ],
        [
          81,
          640
        ],
        [
          81,
          641
        ],
        [
          81,
          642
        ],
        [
          81,
          643
        ],
        [
          81,
          644
        ],
        [
          81,
          645
        ],
        [
          81,
          646
        ],
        [
          81,
          647
        ],
        [
          81,
          648
        ],
        [
          81,
          649
        ],
        [
          81,
          650
        ],
        [
          81,
          651
        ],
        [
          81,
          652
        ],
        [
          81,
          653
        ],
        [
          81,
          654
        ],
        [
          81,
          655
        ],
        [
          81,
          656
        ],
        [
          81,
          657
        ],
        [
          81,
          658
        ],
        [
          81,
          659
        ],
        [
          81,
          660
        ],
        [
          81,
          661
        ],
        [
          81,
          662
        ],
        [
          81,
          663
        ],
        [
          81,
          664
        ],
        [
          81,
          665
        ],
        [
          81,
          666
        ],
        [
          81,
          667
        ],
        [
          81,
          668
        ],
        [
          81,
          669
        ],
        [
          81,
          670
        ],
        [
          81,
          671
        ],
        [
          81,
          672
        ],
        [
          81,
          673
        ],
        [
          81,
          674
        ],
        [
          81,
          675
        ],
        [
          81,
          676
        ],
        [
          81,
          677
        ],
        [
          81,
          678
        ],
        [
          81,
          679
        ],
        [
          81,
          680
        ],
        [
          81,
          681
        ],
        [
          81,
          682
        ],
        [
          81,
          683
        ],
        [
          81,
          684
        ],
        [
          81,
          685
        ],
        [
          81,
          686
        ],
        [
          81,
          687
        ],
        [
          81,
          688
        ],
        [
          81,
          689
        ],
        [
          81,
          690
        ],
        [
          81,
          691
        ],
        [
          81,
          692
        ],
        [
          81,
          693
        ],
        [
          81,
          694
        ],
        [
          81,
          695
        ],
        [
          81,
          696
        ],
        [
          81,
          697
        ],
        [
          81,
          698
        ],
        [
          81,
          699
        ],
        [
          81,
          700
        ],
        [
          81,
          701
        ],
        [
          81,
          702
        ],
        [
          81,
          703
        ],
        [
          81,
          704
        ],
        [
          81,
          705
        ],
        [
          81,
          706
        ],
        [
          81,
          707
        ],
        [
          81,
          708
        ],
        [
          81,
          709
        ],
        [
          82,
          709
        ],
        [
          82,
          710
        ],
        [
          82,
          711
        ],
        [
          82,
          712
        ],
        [
          81,
          712
        ],
        [
          81,
          713
        ],
        [
          81,
          714
        ],
        [
          81,
          715
        ],
        [
          81,
          716
        ],
        [
          81,
          717
        ],
        [
          81,
          718
        ],
        [
          81,
          719
        ],
        [
          81,
          720
        ],
        [
          81,
          721
        ],
        [
          81,
          722
        ],
        [
          81,
          723
        ],
        [
          81,
          724
        ],
        [
          81,
          725
        ],
        [
          81,
          726
        ],
        [
          81,
          727
        ],
        [
          81,
          728
        ],
        [
          81,
          729
        ],
        [
          81,
          730
        ],
        [
          81,
          731
        ],
        [
          81,
          732
        ],
        [
          81,
          733
        ],
        [
          81,
          734
        ],
        [
          81,
          735
        ],
        [
          81,
          736
        ],
        [
          81,
          737
        ],
        [
          81,
          738
        ],
        [
          81,
          739
        ],
        [
          81,
          740
        ],
        [
          81,
          741
        ],
        [
          81,
          742
        ],
        [
          81,
          743
        ],
        [
          81,
          744
        ],
        [
          81,
          745
        ],
        [
          81,
          746
        ],
        [
          81,
          747
        ],
        [
          81,
          748
        ],
        [
          82,
          748
        ],
        [
          82,
          749
        ],
        [
          82,
          750
        ],
        [
          82,
          751
        ],
        [
          81,
          751
        ],
        [
          81,
          752
        ],
        [
          81,
          753
        ],
        [
          81,
          754
        ],
        [
          81,
          755
        ],
        [
          81,
          756
        ],
        [
          81,
          757
        ],
        [
          81,
          758
        ],
        [
          81,
          759
        ],
        [
          82,
          759
        ],
        [
          82,
          760
        ],
        [
          82,
          761
        ],
        [
          82,
          762
        ],
        [
          82,
          763
        ],
        [
          82,
          764
        ],
        [
          82,
          765
        ],
        [
          82,
          766
        ],
        [
          82,
          767
        ],
        [
          82,
          768
        ],
        [
          82,
          769
        ],
        [
          82,
          770
        ],
        [
          82,
          771
        ],
        [
          82,
          772
        ],
        [
          82,
          773
        ],
        [
          82,
          774
        ],
        [
          82,
          775
        ],
        [
          82,
          776
        ],
        [
          82,
          777
        ],
        [
          82,
          778
        ],
        [
          82,
          779
        ],
        [
          81,
          779
        ],
        [
          81,
          780
        ],
        [
          81,
          781
        ],
        [
          81,
          782
        ],
        [
          81,
          783
        ],
        [
          81,
          784
        ],
        [
          81,
          785
        ],
        [
          81,
          786
        ],
        [
          81,
          787
        ],
        [
          81,
          788
        ],
        [
          81,
          789
        ],
        [
          81,
          790
        ],
        [
          81,
          791
        ],
        [
          81,
          792
        ],
        [
          81,
          793
        ],
        [
          81,
          794
        ],
        [
          81,
          795
        ],
        [
          81,
          796
        ],
        [
          81,
          797
        ],
        [
          81,
          798
        ],
        [
          81,
          799
        ],
        [
          81,
          800
        ],
        [
          81,
          801
        ],
        [
          81,
          802
        ],
        [
          81,
          803
        ],
        [
          81,
          804
        ],
        [
          81,
          805
        ],
        [
          81,
          806
        ],
        [
          81,
          807
        ],
        [
          81,
          808
        ],
        [
          81,
          809
        ],
        [
          81,
          810
        ],
        [
          81,
          811
        ],
        [
          81,
          812
        ],
        [
          81,
          813
        ],
        [
          81,
          814
        ],
        [
          81,
          815
        ],
        [
          81,
          816
        ],
        [
          81,
          817
        ],
        [
          81,
          818
        ],
        [
          81,
          819
        ],
        [
          81,
          820
        ],
        [
          81,
          821
        ],
        [
          81,
          822
        ],
        [
          81,
          823
        ],
        [
          81,
          824
        ],
        [
          81,
          825
        ],
        [
          81,
          826
        ],
        [
          81,
          827
        ],
        [
          81,
          828
        ],
        [
          81,
          829
        ],
        [
          81,
          830
        ],
        [
          81,
          831
        ],
        [
          81,
          832
        ],
        [
          81,
          833
        ],
        [
          81,
          834
        ],
        [
          81,
          835
        ],
        [
          81,
          836
        ],
        [
          81,
          837
        ],
        [
          81,
          838
        ],
        [
          81,
          839
        ],
        [
          81,
          840
        ],
        [
          81,
          841
        ],
        [
          81,
          842
        ],
        [
          81,
          843
        ],
        [
          81,
          844
        ],
        [
          81,
          845
        ],
        [
          81,
          846
        ],
        [
          81,
          847
        ],
        [
          81,
          848
        ],
        [
          81,
          849
        ],
        [
          81,
          850
        ],
        [
          81,
          851
        ],
        [
          81,
          852
        ],
        [
          81,
          853
        ],
        [
          81,
          854
        ],
        [
          81,
          855
        ],
        [
          81,
          856
        ],
        [
          81,
          857
        ],
        [
          81,
          858
        ],
        [
          81,
          859
        ],
        [
          81,
          860
        ],
        [
          81,
          861
        ],
        [
          81,
          862
        ],
        [
          81,
          863
        ],
        [
          81,
          864
        ],
        [
          81,
          865
        ],
        [
          81,
          866
        ],
        [
          81,
          867
        ],
        [
          81,
          868
        ],
        [
          81,
          869
        ],
        [
          81,
          870
        ],
        [
          81,
          871
        ],
        [
          81,
          872
        ],
        [
          81,
          873
        ],
        [
          81,
          874
        ],
        [
          81,
          875
        ],
        [
          81,
          876
        ],
        [
          81,
          877
        ],
        [
          81,
          878
        ],
        [
          81,
          879
        ],
        [
          81,
          880
        ],
        [
          81,
          881
        ],
        [
          81,
          882
        ],
        [
          81,
          883
        ],
        [
          82,
          883
        ],
        [
          82,
          884
        ],
        [
          82,
          885
        ],
        [
          82,
          886
        ],
        [
          82,
          887
        ],
        [
          82,
          888
        ],
        [
          82,
          889
        ],
        [
          82,
          890
        ],
        [
          82,
          891
        ],
        [
          82,
          892
        ],
        [
          81,
          892
        ],
        [
          81,
          893
        ],
        [
          81,
          894
        ],
        [
          81,
          895
        ],
        [
          81,
          896
        ],
        [
          81,
          897
        ],
        [
          81,
          898
        ],
        [
          81,
          899
        ],
        [
          81,
          900
        ],
        [
          81,
          901
        ],
        [
          81,
          902
        ],
        [
          81,
          903
        ],
        [
          81,
          904
        ],
        [
          81,
          905
        ],
        [
          81,
          906
        ],
        [
          81,
          907
        ],
        [
          81,
          908
        ],
        [
          81,
          909
        ],
        [
          81,
          910
        ],
        [
          81,
          911
        ],
        [
          81,
          912
        ],
        [
          81,
          913
        ],
        [
          81,
          914
        ],
        [
          81,
          915
        ],
        [
          81,
          916
        ],
        [
          81,
          917
        ],
        [
          82,
          917
        ],
        [
          82,
          918
        ],
        [
          83,
          918
        ],
        [
          84,
          918
        ],
        [
          85,
          918
        ],
        [
          86,
          918
        ],
        [
          87,
          918
        ],
        [
          88,
          918
        ],
        [
          88,
          917
        ],
        [
          89,
          917
        ],
        [
          90,
          917
        ],
        [
          90,
          916
        ],
        [
          91,
          916
        ],
        [
          92,
          916
        ],
        [
          92,
          915
        ],
        [
          93,
          915
        ],
        [
          94,
          915
        ]
      ]
    }
  ]
}