{
  "image": "porta2.png",
  "width": 1785,
  "height": 1004,
  "alpha_threshold": 0,
  "polygons": [
    {
      "type": "outer",
      "points": [
        [
          844,
          679
        ],
        [
          844,
          680
        ],
        [
          844,
          681
        ],
        [
          844,
          682
        ],
        [
          844,
          683
        ],
        [
          844,
          684
        ],
        [
          844,
          685
        ],
        [
          844,
          686
        ],
        [
          844,
          687
        ],
        [
          844,
          688
        ],
        [
          844,
          689
        ],
        [
          844,
          690
        ],
        [
          844,
          691
        ],
        [
          844,
          692
        ],
        [
          845,
          692
        ],
        [
          845,
          693
        ],
        [
          845,
          694
        ],
        [
          845,
          695
        ],
        [
          845,
          696
        ],
        [
          845,
          697
        ],
        [
          845,
          698
        ],
        [
          845,
          699
        ],
        [
          845,
          700
        ],
        [
          845,
          701
        ],
        [
          844,
          701
        ],
        [
          844,
          702
        ],
        [
          844,
          703
        ],
        [
          844,
          704
        ],
        [
          844,
          705
        ],
        [
          844,
          706
        ],
        [
          844,
          707
        ],
        [
          844,
          708
        ],
        [
          844,
          709
        ],
        [
          844,
          710
        ],
        [
          844,
          711
        ],
        [
          844,
          712
        ],
        [
          844,
          713
        ],
        [
          844,
          714
        ],
        [
          844,
          715
        ],
        [
          844,
          716
        ],
        [
          844,
          717
        ],
        [
          844,
          718
        ],
        [
          844,
          719
        ],
        [
          844,
          720
        ],
        [
          844,
          721
        ],
        [
          844,
          722
        ],
        [
          844,
          723
        ],
        [
          844,
          724
        ],
        [
          844,
          725
        ],
        [
          844,
          726
        ],
        [
          844,
          727
        ],
        [
          844,
          728
        ],
        [
          844,
          729
        ],
        [
          844,
          730
        ],
        [
          844,
          731
        ],
        [
          844,
          732
        ],
        [
          844,
          733
        ],
        [
          844,
          734
        ],
        [
          844,
          735
        ],
        [
          844,
          736
        ],
        [
          844,
          737
        ],
        [
          844,
          738
        ],
        [
          844,
          739
        ],
        [
          844,
          740
        ],
        [
          844,
          741
        ],
        [
          844,
          742
        ],
        [
          844,
          743
        ],
        [
          844,
          744
        ],
        [
          844,
          745
        ],
        [
          844,
          746
        ],
        [
          844,
          747
        ],
        [
          844,
          748
        ],
        [
          844,
          749
        ],
        [
          844,
          750
        ],
        [
          845,
          750
        ],
        [
          845,
          751
        ],
        [
          845,
          752
        ],
        [
          845,
          753
        ],
        [
          845,
          754
        ],
        [
          845,
          755
        ],
        [
          845,
          756
        ],
        [
          845,
          757
        ],
        [
          845,
          758
        ],
        [
          845,
          759
        ],
        [
          844,
          759
        ],
        [
          844,
          760
        ],
        [
          844,
          761
        ],
        [
          844,
          762
        ],
        [
          844,
          763
        ],
        [
          844,
          764
        ],
        [
          844,
          765
        ],
        [
          844,
          766
        ],
        [
          844,
          767
        ],
        [
          844,
          768
        ],
        [
          844,
          769
        ],
        [
          844,
          770
        ],
        [
          844,
          771
        ],
        [
          844,
          772
        ],
        [
          844,
          773
        ],
        [
          845,
          773
        ],
        [
          845,
          774
        ],
        [
          845,
          775
        ],
        [
          845,
          776
        ],
        [
          845,
          777
        ],
        [
          845,
          778
        ],
        [
          845,
          779
        ],
        [
          844,
          779
        ],
        [
          844,
          780
        ],
        [
          844,
          781
        ],
        [
          844,
          782
        ],
        [
          844,
          783
        ],
        [
          845,
          783
        ],
        [
          845,
          784
        ],
        [
          845,
          785
        ],
        [
          845,
          786
        ],
        [
          845,
          787
        ],
        [
          845,
          788
        ],
        [
          845,
          789
        ],
        [
          845,
          790
        ],
        [
          845,
          791
        ],
        [
          846,
          791
        ],
        [
          846,
          792
        ],
        [
          846,
          793
        ],
        [
          847,
          793
        ],
        [
          848,
          793
        ],
        [
          849,
          793
        ],
        [
          850,
          793
        ],
        [
          851,
          793
        ],
        [
          852,
          793
        ],
        [
          853,
          793
        ],
        [
          854,
          793
        ],
        [
          855,
          793
        ],
        [
          856,
          793
        ],
        [
          857,
          793
        ],
        [
          858,
          793
        ],
        [
          859,
          793
        ],
        [
          860,
          793
        ],
        [
          861,
          793
        ],
        [
          861,
          794
        ],
        [
          862,
          794
        ],
        [
          863,
          794
        ],
        [
          864,
          794
        ],
        [
          864,
          795
        ],
        [
          865,
          795
        ],
        [
          866,
          795
        ],
        [
          867,
          795
        ],
        [
          868,
          795
        ],
        [
          868,
          794
        ],
        [
          869,
          794
        ],
        [
          870,
          794
        ],
        [
          870,
          793
        ],
        [
          871,
          793
        ],
        [
          872,
          793
        ],
        [
          873,
          793
        ],
        [
          874,
          793
        ],
        [
          875,
          793
        ],
        [
          876,
          793
        ],
        [
          877,
          793
        ],
        [
          878,
          793
        ],
        [
          879,
          793
        ],
        [
          880,
          793
        ],
        [
          881,
          793
        ],
        [
          882,
          793
        ],
        [
          883,
          793
        ],
        [
          884,
          793
        ],
        [
          885,
          793
        ],
        [
          886,
          793
        ],
        [
          887,
          793
        ],
        [
          888,
          793
        ],
        [
          889,
          793
        ],
        [
          890,
          793
        ],
        [
          891,
          793
        ],
        [
          892,
          793
        ],
        [
          893,
          793
        ],
        [
          894,
          793
        ],
        [
          895,
          793
        ],
        [
          896,
          793
        ],
        [
          897,
          793
        ],
        [
          898,
          793
        ],
        [
          899,
          793
        ],
        [
          900,
          793
        ],
        [
          901,
          793
        ],
        [
          902,
          793
        ],
        [
          903,
          793
        ],
        [
          904,
          793
        ],
        [
          905,
          793
        ],
        [
          906,
          793
        ],
        [
          907,
          793
        ],
        [
          908,
          793
        ],
        [
          909,
          793
        ],
        [
          910,
          793
        ],
        [
          911,
          793
        ],
        [
          912,
          793
        ],
        [
          913,
          793
        ],
        [
          914,
          793
        ],
        [
          915,
          793
        ],
        [
          916,
          793
        ],
        [
          917,
          793
        ],
        [
          918,
          793
        ],
        [
          919,
          793
        ],
        [
          920,
          793
        ],
        [
          921,
          793
        ],
        [
          922,
          793
        ],
        [
          923,
          793
        ],
        [
          924,
          793
        ],
        [
          925,
          793
        ],
        [
          926,
          793
        ],
        [
          927,
          793
        ],
        [
          928,
          793
        ],
        [
          929,
          793
        ],
        [
          930,
          793
        ],
        [
          931,
          793
        ],
        [
          932,
          793
        ],
        [
          933,
          793
        ],
        [
          934,
          793
        ],
        [
          935,
          793
        ],
        [
          936,
          793
        ],
        [
          937,
          793
        ],
        [
          938,
          793
        ],
        [
          939,
          793
        ],
        [
          940,
          793
        ],
        [
          941,
          793
        ],
        [
          942,
          793
        ],
        [
          943,
          793
        ],
        [
          944,
          793
        ],
        [
          945,
          793
        ],
        [
          946,
          793
        ],
        [
          947,
          793
        ],
        [
          948,
          793
        ],
        [
          949,
          793
        ],
        [
          950,
          793
        ],
        [
          951,
          793
        ],
        [
          952,
          793
        ],
        [
          953,
          793
        ],
        [
          954,
          793
        ],
        [
          955,
          793
        ],
        [
          956,
          793
        ],
        [
          957,
          793
        ],
        [
          958,
          793
        ],
        [
          959,
          793
        ],
        [
          960,
          793
        ],
        [
          961,
          793
        ],
        [
          962,
          793
        ],
        [
          963,
          793
        ],
        [
          964,
          793
        ],
        [
          965,
          793
        ],
        [
          966,
          793
        ],
        [
          967,
          793
        ],
        [
          968,
          793
        ],
        [
          969,
          793
        ],
        [
          970,
          793
        ],
        [
          971,
          793
        ],
        [
          972,
          793
        ],
        [
          973,
          793
        ],
        [
          974,
          793
        ],
        [
          975,
          793
        ],
        [
          976,
          793
        ],
        [
          977,
          793
        ],
        [
          978,
          793
        ],
        [
          979,
          793
        ],
        [
          980,
          793
        ],
        [
          981,
          793
        ],
        [
          982,
          793
        ],
        [
          983,
          793
        ],
        [
          984,
          793
        ],
        [
          985,
          793
        ],
        [
          986,
          793
        ],
        [
          987,
          793
        ],
        [
          988,
          793
        ],
        [
          989,
          793
        ],
        [
          990,
          793
        ],
        [
          991,
          793
        ],
        [
          992,
          793
        ],
        [
          993,
          793
        ],
        [
          994,
          793
        ],
        [
          995,
          793
        ],
        [
          996,
          793
        ],
        [
          997,
          793
        ],
        [
          998,
          793
        ],
        [
          999,
          793
        ],
        [
          1000,
          793
        ],
        [
          1001,
          793
        ],
        [
          1002,
          793
        ],
        [
          1003,
          793
        ],
        [
          1004,
          793
        ],
        [
          1005,
          793
        ],
        [
          1006,
          793
        ],
        [
          1007,
          793
        ],
        [
          1008,
          793
        ],
        [
          1009,
          793
        ],
        [
          1010,
          793
        ],
        [
          1011,
          793
        ],
        [
          1012,
          793
        ],
        [
          1013,
          793
        ],
        [
          1014,
          793
        ],
        [
          1015,
          793
        ],
        [
          1016,
          793
        ],
        [
          1017,
          793
        ],
        [
          1018,
          793
        ],
        [
          1019,
          793
        ],
        [
          1020,
          793
        ],
        [
          1021,
          793
        ],
        [
          1022,
          793
        ],
        [
          1023,
          793
        ],
        [
          1024,
          793
        ],
        [
          1025,
          793
        ],
        [
          1026,
          793
        ],
        [
          1027,
          793
        ],
        [
          1028,
          793
        ],
        [
          1029,
          793
        ],
        [
          1030,
          793
        ],
        [
          1031,
          793
        ],
        [
          1032,
          793
        ],
        [
          1033,
          793
        ],
        [
          1034,
          793
        ],
        [
          1035,
          793
        ],
        [
          1036,
          793
        ],
        [
          1037,
          793
        ],
        [
          1038,
          793
        ],
        [
          1039,
          793
        ],
        [
          1040,
          793
        ],
        [
          1041,
          793
        ],
        [
          1042,
          793
        ],
        [
          1043,
          793
        ],
        [
          1044,
          793
        ],
        [
          1045,
          793
        ],
        [
          1046,
          793
        ],
        [
          1047,
          793
        ],
        [
          1048,
          793
        ],
        [
          1049,
          793
        ],
        [
          1050,
          793
        ],
        [
          1051,
          793
        ],
        [
          1052,
          793
        ],
        [
          1053,
          793
        ],
        [
          1054,
          793
        ],
        [
          1055,
          793
        ],
        [
          1056,
          793
        ],
        [
          1057,
          793
        ],
        [
          1058,
          793
        ],
        [
          1059,
          793
        ],
        [
          1060,
          793
        ],
        [
          1061,
          793
        ],
        [
          1062,
          793
        ],
        [
          1063,
          793
        ],
        [
          1064,
          793
        ],
        [
          1065,
          793
        ],
        [
          1066,
          793
        ],
        [
          1067,
          793
        ],
        [
          1068,
          793
        ],
        [
          1069,
          793
        ],
        [
          1070,
          793
        ],
        [
          1071,
          793
        ],
        [
          1072,
          793
        ],
        [
          1073,
          793
        ],
        [
          1074,
          793
        ],
        [
          1075,
          793
        ],
        [
          1076,
          793
        ],
        [
          1077,
          793
        ],
        [
          1078,
          793
        ],
        [
          1079,
          793
        ],
        [
          1080,
          793
        ],
        [
          1081,
          793
        ],
        [
          1082,
          793
        ],
        [
          1083,
          793
        ],
        [
          1084,
          793
        ],
        [
          1085,
          793
        ],
        [
          1086,
          793
        ],
        [
          1087,
          793
        ],
        [
          1088,
          793
        ],
        [
          1089,
          793
        ],
        [
          1090,
          793
        ],
        [
          1091,
          793
        ],
        [
          1092,
          793
        ],
        [
          1093,
          793
        ],
        [
          1094,
          793
        ],
        [
          1095,
          793
        ],
        [
          1096,
          793
        ],
        [
          1097,
          793
        ],
        [
          1098,
          793
        ],
        [
          1099,
          793
        ],
        [
          1100,
          793
        ],
        [
          1101,
          793
        ],
        [
          1102,
          793
        ],
        [
          1103,
          793
        ],
        [
          1104,
          793
        ],
        [
          1105,
          793
        ],
        [
          1106,
          793
        ],
        [
          1106,
          794
        ],
        [
          1107,
          794
        ],
        [
          1108,
          794
        ],
        [
          1109,
          794
        ],
        [
          1110,
          794
        ],
        [
          1111,
          794
        ],
        [
          1112,
          794
        ],
        [
          1113,
          794
        ],
        [
          1113,
          793
        ],
        [
          1114,
          793
        ],
        [
          1115,
          793
        ],
        [
          1116,
          793
        ],
        [
          1117,
          793
        ],
        [
          1118,
          793
        ],
        [
          1119,
          793
        ],
        [
          1120,
          793
        ],
        [
          1121,
          793
        ],
        [
          1122,
          793
        ],
        [
          1123,
          793
        ],
        [
          1124,
          793
        ],
        [
          1125,
          793
        ],
        [
          1126,
          793
        ],
        [
          1126,
          792
        ],
        [
          1127,
          792
        ],
        [
          1128,
          792
        ],
        [
          1128,
          791
        ],
        [
          1128,
          790
        ],
        [
          1128,
          789
        ],
        [
          1128,
          788
        ],
        [
          1128,
          787
        ],
        [
          1129,
          787
        ],
        [
          1129,
          786
        ],
        [
          1129,
          785
        ],
        [
          1129,
          784
        ],
        [
          1129,
          783
        ],
        [
          1129,
          782
        ],
        [
          1129,
          781
        ],
        [
          1129,
          780
        ],
        [
          1129,
          779
        ],
        [
          1129,
          778
        ],
        [
          1129,
          777
        ],
        [
          1129,
          776
        ],
        [
          1129,
          775
        ],
        [
          1129,
          774
        ],
        [
          1129,
          773
        ],
        [
          1129,
          772
        ],
        [
          1129,
          771
        ],
        [
          1129,
          770
        ],
        [
          1129,
          769
        ],
        [
          1128,
          769
        ],
        [
          1128,
          768
        ],
        [
          1128,
          767
        ],
        [
          1128,
          766
        ],
        [
          1128,
          765
        ],
        [
          1128,
          764
        ],
        [
          1128,
          763
        ],
        [
          1128,
          762
        ],
        [
          1128,
          761
        ],
        [
          1128,
          760
        ],
        [
          1128,
          759
        ],
        [
          1128,
          758
        ],
        [
          1128,
          757
        ],
        [
          1128,
          756
        ],
        [
          1128,
          755
        ],
        [
          1128,
          754
        ],
        [
          1128,
          753
        ],
        [
          1128,
          752
        ],
        [
          1128,
          751
        ],
        [
          1128,
          750
        ],
        [
          1128,
          749
        ],
        [
          1128,
          748
        ],
        [
          1128,
          747
        ],
        [
          1128,
          746
        ],
        [
          1128,
          745
        ],
        [
          1128,
          744
        ],
        [
          1128,
          743
        ],
        [
          1128,
          742
        ],
        [
          1128,
          741
        ],
        [
          1128,
          740
        ],
        [
          1128,
          739
        ],
        [
          1128,
          738
        ],
        [
          1128,
          737
        ],
        [
          1128,
          736
        ],
        [
          1128,
          735
        ],
        [
          1128,
          734
        ],
        [
          1128,
          733
        ],
        [
          1128,
          732
        ],
        [
          1128,
          731
        ],
        [
          1128,
          730
        ],
        [
          1128,
          729
        ],
        [
          1129,
          729
        ],
        [
          1129,
          728
        ],
        [
          1129,
          727
        ],
        [
          1129,
          726
        ],
        [
          1129,
          725
        ],
        [
          1128,
          725
        ],
        [
          1128,
          724
        ],
        [
          1128,
          723
        ],
        [
          1128,
          722
        ],
        [
          1128,
          721
        ],
        [
          1128,
          720
        ],
        [
          1128,
          719
        ],
        [
          1128,
          718
        ],
        [
          1128,
          717
        ],
        [
          1128,
          716
        ],
        [
          1128,
          715
        ],
        [
          1128,
          714
        ],
        [
          1128,
          713
        ],
        [
          1128,
          712
        ],
        [
          1128,
          711
        ],
        [
          1128,
          710
        ],
        [
          1128,
          709
        ],
        [
          1128,
          708
        ],
        [
          1128,
          707
        ],
        [
          1128,
          706
        ],
        [
          1128,
          705
        ],
        [
          1128,
          704
        ],
        [
          1128,
          703
        ],
        [
          1128,
          702
        ],
        [
          1128,
          701
        ],
        [
          1128,
          700
        ],
        [
          1128,
          699
        ],
        [
          1128,
          698
        ],
        [
          1128,
          697
        ],
        [
          1128,
          696
        ],
        [
          1128,
          695
        ],
        [
          1128,
          694
        ],
        [
          1128,
          693
        ],
        [
          1128,
          692
        ],
        [
          1128,
          691
        ],
        [
          1128,
          690
        ],
        [
          1128,
          689
        ],
        [
          1128,
          688
        ],
        [
          1128,
          687
        ],
        [
          1128,
          686
        ],
        [
          1128,
          685
        ],
        [
          1128,
          684
        ],
        [
          1129,
          684
        ],
        [
          1129,
          683
        ],
        [
          1129,
          682
        ],
        [
          1128,
          682
        ],
        [
          1128,
          681
        ],
        [
          1128,
          680
        ],
        [
          1128,
          679
        ],
        [
          1128,
          678
        ],
        [
          1129,
          678
        ],
        [
          1129,
          677
        ],
        [
          1129,
          676
        ],
        [
          1129,
          675
        ],
        [
          1129,
          674
        ],
        [
          1129,
          673
        ],
        [
          1129,
          672
        ],
        [
          1129,
          671
        ],
        [
          1129,
          670
        ],
        [
          1129,
          669
        ],
        [
          1129,
          668
        ],
        [
          1129,
          667
        ],
        [
          1129,
          666
        ],
        [
          1129,
          665
        ],
        [
          1129,
          664
        ],
        [
          1129,
          663
        ],
        [
          1129,
          662
        ],
        [
          1129,
          661
        ],
        [
          1129,
          660
        ],
        [
          1129,
          659
        ],
        [
          1129,
          658
        ],
        [
          1129,
          657
        ],
        [
          1128,
          657
        ],
        [
          1128,
          656
        ],
        [
          1128,
          655
        ],
        [
          1129,
          655
        ],
        [
          1129,
          654
        ],
        [
          1129,
          653
        ],
        [
          1129,
          652
        ],
        [
          1128,
          652
        ],
        [
          1128,
          651
        ],
        [
          1128,
          650
        ],
        [
          1128,
          649
        ],
        [
          1128,
          648
        ],
        [
          1128,
          647
        ],
        [
          1128,
          646
        ],
        [
          1128,
          645
        ],
        [
          1128,
          644
        ],
        [
          1128,
          643
        ],
        [
          1129,
          643
        ],
        [
          1129,
          642
        ],
        [
          1129,
          641
        ],
        [
          1129,
          640
        ],
        [
          1129,
          639
        ],
        [
          1129,
          638
        ],
        [
          1129,
          637
        ],
        [
          1129,
          636
        ],
        [
          1129,
          635
        ],
        [
          1129,
          634
        ],
        [
          1129,
          633
        ],
        [
          1129,
          632
        ],
        [
          1129,
          631
        ],
        [
          1128,
          631
        ],
        [
          1128,
          630
        ],
        [
          1128,
          629
        ],
        [
          1128,
          628
        ],
        [
          1128,
          627
        ],
        [
          1128,
          626
        ],
        [
          1128,
          625
        ],
        [
          1128,
          624
        ],
        [
          1129,
          624
        ],
        [
          1129,
          623
        ],
        [
          1129,
          622
        ],
        [
          1129,
          621
        ],
        [
          1129,
          620
        ],
        [
          1128,
          620
        ],
        [
          1128,
          619
        ],
        [
          1128,
          618
        ],
        [
          1128,
          617
        ],
        [
          1128,
          616
        ],
        [
          1128,
          615
        ],
        [
          1128,
          614
        ],
        [
          1128,
          613
        ],
        [
          1128,
          612
        ],
        [
          1128,
          611
        ],
        [
          1128,
          610
        ],
        [
          1128,
          609
        ],
        [
          1129,
          609
        ],
        [
          1129,
          608
        ],
        [
          1129,
          607
        ],
        [
          1129,
          606
        ],
        [
          1129,
          605
        ],
        [
          1129,
          604
        ],
        [
          1129,
          603
        ],
        [
          1129,
          602
        ],
        [
          1129,
          601
        ],
        [
          1129,
          600
        ],
        [
          1129,
          599
        ],
        [
          1129,
          598
        ],
        [
          1129,
          597
        ],
        [
          1129,
          596
        ],
        [
          1129,
          595
        ],
        [
          1129,
          594
        ],
        [
          1129,
          593
        ],
        [
          1129,
          592
        ],
        [
          1129,
          591
        ],
        [
          1129,
          590
        ],
        [
          1129,
          589
        ],
        [
          1129,
          588
        ],
        [
          1129,
          587
        ],
        [
          1129,
          586
        ],
        [
          1129,
          585
        ],
        [
          1129,
          584
        ],
        [
          1129,
          583
        ],
        [
          1129,
          582
        ],
        [
          1129,
          581
        ],
        [
          1129,
          580
        ],
        [
          1129,
          579
        ],
        [
          1129,
          578
        ],
        [
          1129,
          577
        ],
        [
          1129,
          576
        ],
        [
          1129,
          575
        ],
        [
          1129,
          574
        ],
        [
          1129,
          573
        ],
        [
          1129,
          572
        ],
        [
          1129,
          571
        ],
        [
          1129,
          570
        ],
        [
          1129,
          569
        ],
        [
          1129,
          568
        ],
        [
          1129,
          567
        ],
        [
          1129,
          566
        ],
        [
          1129,
          565
        ],
        [
          1129,
          564
        ],
        [
          1129,
          563
        ],
        [
          1129,
          562
        ],
        [
          1129,
          561
        ],
        [
          1129,
          560
        ],
        [
          1129,
          559
        ],
        [
          1129,
          558
        ],
        [
          1129,
          557
        ],
        [
          1129,
          556
        ],
        [
          1129,
          555
        ],
        [
          1129,
          554
        ],
        [
          1129,
          553
        ],
        [
          1129,
          552
        ],
        [
          1129,
          551
        ],
        [
          1129,
          550
        ],
        [
          1129,
          549
        ],
        [
          1129,
          548
        ],
        [
          1129,
          547
        ],
        [
          1129,
          546
        ],
        [
          1129,
          545
        ],
        [
          1129,
          544
        ],
        [
          1128,
          544
        ],
        [
          1128,
          543
        ],
        [
          1128,
          542
        ],
        [
          1128,
          541
        ],
        [
          1129,
          541
        ],
        [
          1129,
          540
        ],
        [
          1129,
          539
        ],
        [
          1129,
          538
        ],
        [
          1129,
          537
        ],
        [
          1128,
          537
        ],
        [
          1128,
          536
        ],
        [
          1128,
          535
        ],
        [
          1128,
          534
        ],
        [
          1128,
          533
        ],
        [
          1128,
          532
        ],
        [
          1128,
          531
        ],
        [
          1128,
          530
        ],
        [
          1128,
          529
        ],
        [
          1128,
          528
        ],
        [
          1128,
          527
        ],
        [
          1128,
          526
        ],
        [
          1128,
          525
        ],
        [
          1128,
          524
        ],
        [
          1128,
          523
        ],
        [
          1128,
          522
        ],
        [
          1128,
          521
        ],
        [
          1129,
          521
        ],
        [
          1129,
          520
        ],
        [
          1129,
          519
        ],
        [
          1129,
          518
        ],
        [
          1129,
          517
        ],
        [
          1129,
          516
        ],
        [
          1129,
          515
        ],
        [
          1129,
          514
        ],
        [
          1129,
          513
        ],
        [
          1129,
          512
        ],
        [
          1129,
          511
        ],
        [
          1129,
          510
        ],
        [
          1128,
          510
        ],
        [
          1128,
          509
        ],
        [
          1128,
          508
        ],
        [
          1129,
          508
        ],
        [
          1129,
          507
        ],
        [
          1129,
          506
        ],
        [
          1129,
          505
        ],
        [
          1129,
          504
        ],
        [
          1129,
          503
        ],
        [
          1129,
          502
        ],
        [
          1129,
          501
        ],
        [
          1129,
          500
        ],
        [
          1129,
          499
        ],
        [
          1129,
          498
        ],
        [
          1129,
          497
        ],
        [
          1129,
          496
        ],
        [
          1129,
          495
        ],
        [
          1129,
          494
        ],
        [
          1129,
          493
        ],
        [
          1129,
          492
        ],
        [
          1129,
          491
        ],
        [
          1129,
          490
        ],
        [
          1129,
          489
        ],
        [
          1129,
          488
        ],
        [
          1129,
          487
        ],
        [
          1129,
          486
        ],
        [
          1129,
          485
        ],
        [
          1129,
          484
        ],
        [
          1129,
          483
        ],
        [
          1129,
          482
        ],
        [
          1129,
          481
        ],
        [
          1129,
          480
        ],
        [
          1129,
          479
        ],
        [
          1129,
          478
        ],
        [
          1129,
          477
        ],
        [
          1129,
          476
        ],
        [
          1129,
          475
        ],
        [
          1129,
          474
        ],
        [
          1129,
          473
        ],
        [
          1129,
          472
        ],
        [
          1129,
          471
        ],
        [
          1129,
          470
        ],
        [
          1129,
          469
        ],
        [
          1129,
          468
        ],
        [
          1129,
          467
        ],
        [
          1129,
          466
        ],
        [
          1129,
          465
        ],
        [
          1129,
          464
        ],
        [
          1129,
          463
        ],
        [
          1129,
          462
        ],
        [
          1129,
          461
        ],
        [
          1129,
          460
        ],
        [
          1129,
          459
        ],
        [
          1129,
          458
        ],
        [
          1129,
          457
        ],
        [
          1129,
          456
        ],
        [
          1129,
          455
        ],
        [
          1129,
          454
        ],
        [
          1129,
          453
        ],
        [
          1129,
          452
        ],
        [
          1129,
          451
        ],
        [
          1128,
          451
        ],
        [
          1128,
          450
        ],
        [
          1129,
          450
        ],
        [
          1129,
          449
        ],
        [
          1129,
          448
        ],
        [
          1128,
          448
        ],
        [
          1128,
          447
        ],
        [
          1128,
          446
        ],
        [
          1128,
          445
        ],
        [
          1128,
          444
        ],
        [
          1128,
          443
        ],
        [
          1128,
          442
        ],
        [
          1128,
          441
        ],
        [
          1128,
          440
        ],
        [
          1129,
          440
        ],
        [
          1129,
          439
        ],
        [
          1129,
          438
        ],
        [
          1129,
          437
        ],
        [
          1129,
          436
        ],
        [
          1129,
          435
        ],
        [
          1129,
          434
        ],
        [
          1128,
          434
        ],
        [
          1128,
          433
        ],
        [
          1128,
          432
        ],
        [
          1128,
          431
        ],
        [
          1128,
          430
        ],
        [
          1128,
          429
        ],
        [
          1128,
          428
        ],
        [
          1128,
          427
        ],
        [
          1128,
          426
        ],
        [
          1128,
          425
        ],
        [
          1128,
          424
        ],
        [
          1128,
          423
        ],
        [
          1128,
          422
        ],
        [
          1128,
          421
        ],
        [
          1128,
          420
        ],
        [
          1128,
          419
        ],
        [
          1128,
          418
        ],
        [
          1128,
          417
        ],
        [
          1128,
          416
        ],
        [
          1128,
          415
        ],
        [
          1128,
          414
        ],
        [
          1128,
          413
        ],
        [
          1128,
          412
        ],
        [
          1128,
          411
        ],
        [
          1128,
          410
        ],
        [
          1128,
          409
        ],
        [
          1128,
          408
        ],
        [
          1128,
          407
        ],
        [
          1128,
          406
        ],
        [
          1128,
          405
        ],
        [
          1128,
          404
        ],
        [
          1128,
          403
        ],
        [
          1128,
          402
        ],
        [
          1127,
          402
        ],
        [
          1127,
          401
        ],
        [
          1127,
          400
        ],
        [
          1127,
          399
        ],
        [
          1127,
          398
        ],
        [
          1127,
          397
        ],
        [
          1127,
          396
        ],
        [
          1127,
          395
        ],
        [
          1127,
          394
        ],
        [
          1127,
          393
        ],
        [
          1126,
          393
        ],
        [
          1126,
          392
        ],
        [
          1126,
          391
        ],
        [
          1126,
          390
        ],
        [
          1126,
          389
        ],
        [
          1126,
          388
        ],
        [
          1125,
          388
        ],
        [
          1125,
          387
        ],
        [
          1125,
          386
        ],
        [
          1125,
          385
        ],
        [
          1125,
          384
        ],
        [
          1125,
          383
        ],
        [
          1124,
          383
        ],
        [
          1124,
          382
        ],
        [
          1124,
          381
        ],
        [
          1124,
          380
        ],
        [
          1124,
          379
        ],
        [
          1123,
          379
        ],
        [
          1123,
          378
        ],
        [
          1123,
          377
        ],
        [
          1123,
          376
        ],
        [
          1122,
          376
        ],
        [
          1122,
          375
        ],
        [
          1122,
          374
        ],
        [
          1122,
          373
        ],
        [
          1121,
          373
        ],
        [
          1121,
          372
        ],
        [
          1121,
          371
        ],
        [
          1121,
          370
        ],
        [
          1120,
          370
        ],
        [
          1120,
          369
        ],
        [
          1120,
          368
        ],
        [
          1120,
          367
        ],
        [
          1119,
          367
        ],
        [
          1119,
          366
        ],
        [
          1119,
          365
        ],
        [
          1118,
          365
        ],
        [
          1118,
          364
        ],
        [
          1118,
          363
        ],
        [
          1118,
          362
        ],
        [
          1117,
          362
        ],
        [
          1117,
          361
        ],
        [
          1117,
          360
        ],
        [
          1116,
          360
        ],
        [
          1116,
          359
        ],
        [
          1116,
          358
        ],
        [
          1115,
          358
        ],
        [
          1115,
          357
        ],
        [
          1115,
          356
        ],
        [
          1114,
          356
        ],
        [
          1114,
          355
        ],
        [
          1114,
          354
        ],
        [
          1113,
          354
        ],
        [
          1113,
          353
        ],
        [
          1113,
          352
        ],
        [
          1112,
          352
        ],
        [
          1112,
          351
        ],
        [
          1112,
          350
        ],
        [
          1111,
          350
        ],
        [
          1111,
          349
        ],
        [
          1111,
          348
        ],
        [
          1110,
          348
        ],
        [
          1110,
          347
        ],
        [
          1109,
          347
        ],
        [
          1109,
          346
        ],
        [
          1109,
          345
        ],
        [
          1108,
          345
        ],
        [
          1108,
          344
        ],
        [
          1108,
          343
        ],
        [
          1107,
          343
        ],
        [
          1107,
          342
        ],
        [
          1106,
          342
        ],
        [
          1106,
          341
        ],
        [
          1106,
          340
        ],
        [
          1105,
          340
        ],
        [
          1105,
          339
        ],
        [
          1104,
          339
        ],
        [
          1104,
          338
        ],
        [
          1104,
          337
        ],
        [
          1103,
          337
        ],
        [
          1103,
          336
        ],
        [
          1102,
          336
        ],
        [
          1102,
          335
        ],
        [
          1102,
          334
        ],
        [
          1101,
          334
        ],
        [
          1101,
          333
        ],
        [
          1100,
          333
        ],
        [
          1100,
          332
        ],
        [
          1099,
          332
        ],
        [
          1099,
          331
        ],
        [
          1099,
          330
        ],
        [
          1098,
          330
        ],
        [
          1098,
          329
        ],
        [
          1097,
          329
        ],
        [
          1097,
          328
        ],
        [
          1096,
          328
        ],
        [
          1096,
          327
        ],
        [
          1095,
          327
        ],
        [
          1095,
          326
        ],
        [
          1095,
          325
        ],
        [
          1094,
          325
        ],
        [
          1094,
          324
        ],
        [
          1093,
          324
        ],
        [
          1093,
          323
        ],
        [
          1092,
          323
        ],
        [
          1092,
          322
        ],
        [
          1091,
          322
        ],
        [
          1091,
          321
        ],
        [
          1090,
          321
        ],
        [
          1090,
          320
        ],
        [
          1089,
          320
        ],
        [
          1089,
          319
        ],
        [
          1088,
          319
        ],
        [
          1088,
          318
        ],
        [
          1087,
          318
        ],
        [
          1087,
          317
        ],
        [
          1086,
          317
        ],
        [
          1086,
          316
        ],
        [
          1085,
          316
        ],
        [
          1085,
          315
        ],
        [
          1084,
          315
        ],
        [
          1084,
          314
        ],
        [
          1083,
          314
        ],
        [
          1083,
          313
        ],
        [
          1082,
          313
        ],
        [
          1082,
          312
        ],
        [
          1081,
          312
        ],
        [
          1081,
          311
        ],
        [
          1080,
          311
        ],
        [
          1080,
          310
        ],
        [
          1079,
          310
        ],
        [
          1079,
          309
        ],
        [
          1078,
          309
        ],
        [
          1078,
          308
        ],
        [
          1077,
          308
        ],
        [
          1077,
          307
        ],
        [
          1076,
          307
        ],
        [
          1075,
          307
        ],
        [
          1075,
          306
        ],
        [
          1074,
          306
        ],
        [
          1074,
          305
        ],
        [
          1073,
          305
        ],
        [
          1073,
          304
        ],
        [
          1072,
          304
        ],
        [
          1072,
          303
        ],
        [
          1071,
          303
        ],
        [
          1071,
          302
        ],
        [
          1070,
          302
        ],
        [
          1069,
          302
        ],
        [
          1069,
          301
        ],
        [
          1068,
          301
        ],
        [
          1068,
          300
        ],
        [
          1067,
          300
        ],
        [
          1066,
          300
        ],
        [
          1066,
          299
        ],
        [
          1065,
          299
        ],
        [
          1065,
          298
        ],
        [
          1064,
          298
        ],
        [
          1063,
          298
        ],
        [
          1063,
          297
        ],
        [
          1062,
          297
        ],
        [
          1062,
          296
        ],
        [
          1061,
          296
        ],
        [
          1060,
          296
        ],
        [
          1060,
          295
        ],
        [
          1059,
          295
        ],
        [
          1059,
          294
        ],
        [
          1058,
          294
        ],
        [
          1057,
          294
        ],
        [
          1057,
          293
        ],
        [
          1056,
          293
        ],
        [
          1055,
          293
        ],
        [
          1055,
          292
        ],
        [
          1054,
          292
        ],
        [
          1053,
          292
        ],
        [
          1053,
          291
        ],
        [
          1052,
          291
        ],
        [
          1051,
          291
        ],
        [
          1051,
          290
        ],
        [
          1050,
          290
        ],
        [
          1049,
          290
        ],
        [
          1049,
          289
        ],
        [
          1048,
          289
        ],
        [
          1048,
          288
        ],
        [
          1047,
          288
        ],
        [
          1046,
          288
        ],
        [
          1046,
          287
        ],
        [
          1045,
          287
        ],
        [
          1044,
          287
        ],
        [
          1043,
          287
        ],
        [
          1043,
          286
        ],
        [
          1042,
          286
        ],
        [
          1041,
          286
        ],
        [
          1041,
          285
        ],
        [
          1040,
          285
        ],
        [
          1039,
          285
        ],
        [
          1038,
          285
        ],
        [
          1038,
          284
        ],
        [
          1037,
          284
        ],
        [
          1036,
          284
        ],
        [
          1035,
          284
        ],
        [
          1035,
          283
        ],
        [
          1034,
          283
        ],
        [
          1033,
          283
        ],
        [
          1032,
          283
        ],
        [
          1032,
          282
        ],
        [
          1031,
          282
        ],
        [
          1030,
          282
        ],
        [
          1029,
          282
        ],
        [
          1029,
          281
        ],
        [
          1028,
          281
        ],
        [
          1027,
          281
        ],
        [
          1026,
          281
        ],
        [
          1026,
          280
        ],
        [
          1025,
          280
        ],
        [
          1024,
          280
        ],
        [
          1023,
          280
        ],
        [
          1023,
          279
        ],
        [
          1022,
          279
        ],
        [
          1021,
          279
        ],
        [
          1020,
          279
        ],
        [
          1019,
          279
        ],
        [
          1019,
          278
        ],
        [
          1018,
          278
        ],
        [
          1017,
          278
        ],
        [
          1016,
          278
        ],
        [
          1015,
          278
        ],
        [
          1014,
          278
        ],
        [
          1014,
          277
        ],
        [
          1013,
          277
        ],
        [
          1012,
          277
        ],
        [
          1011,
          277
        ],
        [
          1010,
          277
        ],
        [
          1009,
          277
        ],
        [
          1008,
          277
        ],
        [
          1007,
          277
        ],
        [
          1006,
          277
        ],
        [
          1005,
          277
        ],
        [
          1004,
          277
        ],
        [
          1004,
          276
        ],
        [
          1003,
          276
        ],
        [
          1002,
          276
        ],
        [
          1001,
          276
        ],
        [
          1000,
          276
        ],
        [
          999,
          276
        ],
        [
          998,
          276
        ],
        [
          997,
          276
        ],
        [
          996,
          276
        ],
        [
          995,
          276
        ],
        [
          994,
          276
        ],
        [
          993,
          276
        ],
        [
          992,
          276
        ],
        [
          991,
          276
        ],
        [
          991,
          275
        ],
        [
          990,
          275
        ],
        [
          989,
          275
        ],
        [
          988,
          275
        ],
        [
          987,
          275
        ],
        [
          986,
          275
        ],
        [
          985,
          275
        ],
        [
          984,
          275
        ],
        [
          983,
          275
        ],
        [
          983,
          276
        ],
        [
          982,
          276
        ],
        [
          981,
          276
        ],
        [
          980,
          276
        ],
        [
          979,
          276
        ],
        [
          978,
          276
        ],
        [
          977,
          276
        ],
        [
          976,
          276
        ],
        [
          975,
          276
        ],
        [
          974,
          276
        ],
        [
          973,
          276
        ],
        [
          972,
          276
        ],
        [
          971,
          276
        ],
        [
          970,
          276
        ],
        [
          969,
          276
        ],
        [
          968,
          276
        ],
        [
          967,
          276
        ],
        [
          966,
          276
        ],
        [
          966,
          277
        ],
        [
          965,
          277
        ],
        [
          964,
          277
        ],
        [
          963,
          277
        ],
        [
          962,
          277
        ],
        [
          961,
          277
        ],
        [
          960,
          277
        ],
        [
          959,
          277
        ],
        [
          959,
          278
        ],
        [
          958,
          278
        ],
        [
          957,
          278
        ],
        [
          956,
          278
        ],
        [
          955,
          278
        ],
        [
          955,
          279
        ],
        [
          954,
          279
        ],
        [
          953,
          279
        ],
        [
          952,
          279
        ],
        [
          951,
          279
        ],
        [
          951,
          280
        ],
        [
          950,
          280
        ],
        [
          949,
          280
        ],
        [
          948,
          280
        ],
        [
          947,
          280
        ],
        [
          947,
          281
        ],
        [
          946,
          281
        ],
        [
          945,
          281
        ],
        [
          944,
          281
        ],
        [
          944,
          282
        ],
        [
          943,
          282
        ],
        [
          942,
          282
        ],
        [
          941,
          282
        ],
        [
          941,
          283
        ],
        [
          940,
          283
        ],
        [
          939,
          283
        ],
        [
          938,
          283
        ],
        [
          938,
          284
        ],
        [
          937,
          284
        ],
        [
          936,
          284
        ],
        [
          935,
          284
        ],
        [
          935,
          285
        ],
        [
          934,
          285
        ],
        [
          933,
          285
        ],
        [
          932,
          285
        ],
        [
          932,
          286
        ],
        [
          931,
          286
        ],
        [
          930,
          286
        ],
        [
          930,
          287
        ],
        [
          929,
          287
        ],
        [
          928,
          287
        ],
        [
          927,
          287
        ],
        [
          927,
          288
        ],
        [
          926,
          288
        ],
        [
          925,
          288
        ],
        [
          925,
          289
        ],
        [
          924,
          289
        ],
        [
          923,
          289
        ],
        [
          923,
          290
        ],
        [
          922,
          290
        ],
        [
          921,
          290
        ],
        [
          921,
          291
        ],
        [
          920,
          291
        ],
        [
          919,
          291
        ],
        [
          919,
          292
        ],
        [
          918,
          292
        ],
        [
          918,
          293
        ],
        [
          917,
          293
        ],
        [
          916,
          293
        ],
        [
          916,
          294
        ],
        [
          915,
          294
        ],
        [
          914,
          294
        ],
        [
          914,
          295
        ],
        [
          913,
          295
        ],
        [
          913,
          296
        ],
        [
          912,
          296
        ],
        [
          911,
          296
        ],
        [
          911,
          297
        ],
        [
          910,
          297
        ],
        [
          910,
          298
        ],
        [
          909,
          298
        ],
        [
          908,
          298
        ],
        [
          908,
          299
        ],
        [
          907,
          299
        ],
        [
          907,
          300
        ],
        [
          906,
          300
        ],
        [
          905,
          300
        ],
        [
          905,
          301
        ],
        [
          904,
          301
        ],
        [
          904,
          302
        ],
        [
          903,
          302
        ],
        [
          902,
          302
        ],
        [
          902,
          303
        ],
        [
          901,
          303
        ],
        [
          901,
          304
        ],
        [
          900,
          304
        ],
        [
          900,
          305
        ],
        [
          899,
          305
        ],
        [
          898,
          305
        ],
        [
          898,
          306
        ],
        [
          897,
          306
        ],
        [
          897,
          307
        ],
        [
          896,
          307
        ],
        [
          896,
          308
        ],
        [
          895,
          308
        ],
        [
          895,
          309
        ],
        [
          894,
          309
        ],
        [
          894,
          310
        ],
        [
          893,
          310
        ],
        [
          893,
          311
        ],
        [
          892,
          311
        ],
        [
          892,
          312
        ],
        [
          891,
          312
        ],
        [
          891,
          313
        ],
        [
          890,
          313
        ],
        [
          890,
          314
        ],
        [
          889,
          314
        ],
        [
          889,
          315
        ],
        [
          888,
          315
        ],
        [
          888,
          316
        ],
        [
          887,
          316
        ],
        [
          887,
          317
        ],
        [
          886,
          317
        ],
        [
          886,
          318
        ],
        [
          885,
          318
        ],
        [
          885,
          319
        ],
        [
          884,
          319
        ],
        [
          884,
          320
        ],
        [
          883,
          320
        ],
        [
          883,
          321
        ],
        [
          882,
          321
        ],
        [
          882,
          322
        ],
        [
          881,
          322
        ],
        [
          881,
          323
        ],
        [
          880,
          323
        ],
        [
          880,
          324
        ],
        [
          879,
          324
        ],
        [
          879,
          325
        ],
        [
          878,
          325
        ],
        [
          878,
          326
        ],
        [
          877,
          326
        ],
        [
          877,
          327
        ],
        [
          877,
          328
        ],
        [
          876,
          328
        ],
        [
          876,
          329
        ],
        [
          875,
          329
        ],
        [
          875,
          330
        ],
        [
          874,
          330
        ],
        [
          874,
          331
        ],
        [
          874,
          332
        ],
        [
          873,
          332
        ],
        [
          873,
          333
        ],
        [
          872,
          333
        ],
        [
          872,
          334
        ],
        [
          871,
          334
        ],
        [
          871,
          335
        ],
        [
          871,
          336
        ],
        [
          870,
          336
        ],
        [
          870,
          337
        ],
        [
          869,
          337
        ],
        [
          869,
          338
        ],
        [
          869,
          339
        ],
        [
          868,
          339
        ],
        [
          868,
          340
        ],
        [
          867,
          340
        ],
        [
          867,
          341
        ],
        [
          867,
          342
        ],
        [
          866,
          342
        ],
        [
          866,
          343
        ],
        [
          865,
          343
        ],
        [
          865,
          344
        ],
        [
          865,
          345
        ],
        [
          864,
          345
        ],
        [
          864,
          346
        ],
        [
          863,
          346
        ],
        [
          863,
          347
        ],
        [
          863,
          348
        ],
        [
          862,
          348
        ],
        [
          862,
          349
        ],
        [
          862,
          350
        ],
        [
          861,
          350
        ],
        [
          861,
          351
        ],
        [
          861,
          352
        ],
        [
          860,
          352
        ],
        [
          860,
          353
        ],
        [
          860,
          354
        ],
        [
          859,
          354
        ],
        [
          859,
          355
        ],
        [
          859,
          356
        ],
        [
          858,
          356
        ],
        [
          858,
          357
        ],
        [
          858,
          358
        ],
        [
          857,
          358
        ],
        [
          857,
          359
        ],
        [
          857,
          360
        ],
        [
          856,
          360
        ],
        [
          856,
          361
        ],
        [
          856,
          362
        ],
        [
          855,
          362
        ],
        [
          855,
          363
        ],
        [
          855,
          364
        ],
        [
          855,
          365
        ],
        [
          854,
          365
        ],
        [
          854,
          366
        ],
        [
          854,
          367
        ],
        [
          853,
          367
        ],
        [
          853,
          368
        ],
        [
          853,
          369
        ],
        [
          852,
          369
        ],
        [
          852,
          370
        ],
        [
          852,
          371
        ],
        [
          852,
          372
        ],
        [
          852,
          373
        ],
        [
          851,
          373
        ],
        [
          851,
          374
        ],
        [
          851,
          375
        ],
        [
          851,
          376
        ],
        [
          850,
          376
        ],
        [
          850,
          377
        ],
        [
          850,
          378
        ],
        [
          850,
          379
        ],
        [
          849,
          379
        ],
        [
          849,
          380
        ],
        [
          849,
          381
        ],
        [
          849,
          382
        ],
        [
          848,
          382
        ],
        [
          848,
          383
        ],
        [
          848,
          384
        ],
        [
          848,
          385
        ],
        [
          847,
          385
        ],
        [
          847,
          386
        ],
        [
          847,
          387
        ],
        [
          847,
          388
        ],
        [
          847,
          389
        ],
        [
          847,
          390
        ],
        [
          846,
          390
        ],
        [
          846,
          391
        ],
        [
          846,
          392
        ],
        [
          846,
          393
        ],
        [
          846,
          394
        ],
        [
          846,
          395
        ],
        [
          846,
          396
        ],
        [
          846,
          397
        ],
        [
          846,
          398
        ],
        [
          846,
          399
        ],
        [
          845,
          399
        ],
        [
          845,
          400
        ],
        [
          845,
          401
        ],
        [
          845,
          402
        ],
        [
          845,
          403
        ],
        [
          845,
          404
        ],
        [
          845,
          405
        ],
        [
          845,
          406
        ],
        [
          845,
          407
        ],
        [
          845,
          408
        ],
        [
          845,
          409
        ],
        [
          845,
          410
        ],
        [
          845,
          411
        ],
        [
          844,
          411
        ],
        [
          844,
          412
        ],
        [
          844,
          413
        ],
        [
          844,
          414
        ],
        [
          844,
          415
        ],
        [
          844,
          416
        ],
        [
          844,
          417
        ],
        [
          845,
          417
        ],
        [
          845,
          418
        ],
        [
          845,
          419
        ],
        [
          845,
          420
        ],
        [
          845,
          421
        ],
        [
          845,
          422
        ],
        [
          845,
          423
        ],
        [
          845,
          424
        ],
        [
          845,
          425
        ],
        [
          845,
          426
        ],
        [
          845,
          427
        ],
        [
          845,
          428
        ],
        [
          845,
          429
        ],
        [
          845,
          430
        ],
        [
          845,
          431
        ],
        [
          845,
          432
        ],
        [
          845,
          433
        ],
        [
          845,
          434
        ],
        [
          845,
          435
        ],
        [
          845,
          436
        ],
        [
          845,
          437
        ],
        [
          844,
          437
        ],
        [
          844,
          438
        ],
        [
          845,
          438
        ],
        [
          845,
          439
        ],
        [
          845,
          440
        ],
        [
          845,
          441
        ],
        [
          845,
          442
        ],
        [
          845,
          443
        ],
        [
          845,
          444
        ],
        [
          845,
          445
        ],
        [
          845,
          446
        ],
        [
          845,
          447
        ],
        [
          845,
          448
        ],
        [
          845,
          449
        ],
        [
          845,
          450
        ],
        [
          845,
          451
        ],
        [
          845,
          452
        ],
        [
          845,
          453
        ],
        [
          845,
          454
        ],
        [
          845,
          455
        ],
        [
          845,
          456
        ],
        [
          844,
          456
        ],
        [
          844,
          457
        ],
        [
          844,
          458
        ],
        [
          844,
          459
        ],
        [
          844,
          460
        ],
        [
          844,
          461
        ],
        [
          844,
          462
        ],
        [
          844,
          463
        ],
        [
          845,
          463
        ],
        [
          845,
          464
        ],
        [
          845,
          465
        ],
        [
          845,
          466
        ],
        [
          845,
          467
        ],
        [
          845,
          468
        ],
        [
          845,
          469
        ],
        [
          845,
          470
        ],
        [
          844,
          470
        ],
        [
          844,
          471
        ],
        [
          844,
          472
        ],
        [
          844,
          473
        ],
        [
          845,
          473
        ],
        [
          845,
          474
        ],
        [
          845,
          475
        ],
        [
          845,
          476
        ],
        [
          845,
          477
        ],
        [
          845,
          478
        ],
        [
          845,
          479
        ],
        [
          845,
          480
        ],
        [
          845,
          481
        ],
        [
          845,
          482
        ],
        [
          845,
          483
        ],
        [
          845,
          484
        ],
        [
          845,
          485
        ],
        [
          845,
          486
        ],
        [
          845,
          487
        ],
        [
          845,
          488
        ],
        [
          845,
          489
        ],
        [
          845,
          490
        ],
        [
          845,
          491
        ],
        [
          845,
          492
        ],
        [
          845,
          493
        ],
        [
          845,
          494
        ],
        [
          845,
          495
        ],
        [
          845,
          496
        ],
        [
          845,
          497
        ],
        [
          845,
          498
        ],
        [
          845,
          499
        ],
        [
          845,
          500
        ],
        [
          845,
          501
        ],
        [
          844,
          501
        ],
        [
          844,
          502
        ],
        [
          844,
          503
        ],
        [
          844,
          504
        ],
        [
          844,
          505
        ],
        [
          844,
          506
        ],
        [
          844,
          507
        ],
        [
          844,
          508
        ],
        [
          845,
          508
        ],
        [
          845,
          509
        ],
        [
          845,
          510
        ],
        [
          845,
          511
        ],
        [
          845,
          512
        ],
        [
          845,
          513
        ],
        [
          845,
          514
        ],
        [
          845,
          515
        ],
        [
          845,
          516
        ],
        [
          845,
          517
        ],
        [
          845,
          518
        ],
        [
          845,
          519
        ],
        [
          845,
          520
        ],
        [
          845,
          521
        ],
        [
          845,
          522
        ],
        [
          845,
          523
        ],
        [
          845,
          524
        ],
        [
          845,
          525
        ],
        [
          845,
          526
        ],
        [
          845,
          527
        ],
        [
          845,
          528
        ],
        [
          845,
          529
        ],
        [
          845,
          530
        ],
        [
          845,
          531
        ],
        [
          845,
          532
        ],
        [
          845,
          533
        ],
        [
          845,
          534
        ],
        [
          845,
          535
        ],
        [
          845,
          536
        ],
        [
          845,
          537
        ],
        [
          845,
          538
        ],
        [
          845,
          539
        ],
        [
          845,
          540
        ],
        [
          845,
          541
        ],
        [
          845,
          542
        ],
        [
          845,
          543
        ],
        [
          845,
          544
        ],
        [
          845,
          545
        ],
        [
          845,
          546
        ],
        [
          845,
          547
        ],
        [
          845,
          548
        ],
        [
          845,
          549
        ],
        [
          845,
          550
        ],
        [
          845,
          551
        ],
        [
          845,
          552
        ],
        [
          845,
          553
        ],
        [
          845,
          554
        ],
        [
          845,
          555
        ],
        [
          845,
          556
        ],
        [
          845,
          557
        ],
        [
          845,
          558
        ],
        [
          845,
          559
        ],
        [
          845,
          560
        ],
        [
          845,
          561
        ],
        [
          845,
          562
        ],
        [
          845,
          563
        ],
        [
          845,
          564
        ],
        [
          845,
          565
        ],
        [
          845,
          566
        ],
        [
          845,
          567
        ],
        [
          845,
          568
        ],
        [
          845,
          569
        ],
        [
          845,
          570
        ],
        [
          844,
          570
        ],
        [
          844,
          571
        ],
        [
          844,
          572
        ],
        [
          844,
          573
        ],
        [
          844,
          574
        ],
        [
          844,
          575
        ],
        [
          844,
          576
        ],
        [
          844,
          577
        ],
        [
          844,
          578
        ],
        [
          844,
          579
        ],
        [
          844,
          580
        ],
        [
          844,
          581
        ],
        [
          844,
          582
        ],
        [
          844,
          583
        ],
        [
          844,
          584
        ],
        [
          844,
          585
        ],
        [
          844,
          586
        ],
        [
          844,
          587
        ],
        [
          844,
          588
        ],
        [
          844,
          589
        ],
        [
          844,
          590
        ],
        [
          844,
          591
        ],
        [
          844,
          592
        ],
        [
          844,
          593
        ],
        [
          844,
          594
        ],
        [
          844,
          595
        ],
        [
          844,
          596
        ],
        [
          844,
          597
        ],
        [
          844,
          598
        ],
        [
          844,
          599
        ],
        [
          844,
          600
        ],
        [
          844,
          601
        ],
        [
          844,
          602
        ],
        [
          844,
          603
        ],
        [
          844,
          604
        ],
        [
          844,
          605
        ],
        [
          844,
          606
        ],
        [
          844,
          607
        ],
        [
          844,
          608
        ],
        [
          844,
          609
        ],
        [
          844,
          610
        ],
        [
          844,
          611
        ],
        [
          844,
          612
        ],
        [
          844,
          613
        ],
        [
          844,
          614
        ],
        [
          844,
          615
        ],
        [
          844,
          616
        ],
        [
          844,
          617
        ],
        [
          844,
          618
        ],
        [
          844,
          619
        ],
        [
          844,
          620
        ],
        [
          844,
          621
        ],
        [
          844,
          622
        ],
        [
          844,
          623
        ],
        [
          844,
          624
        ],
        [
          844,
          625
        ],
        [
          844,
          626
        ],
        [
          844,
          627
        ],
        [
          844,
          628
        ],
        [
          844,
          629
        ],
        [
          844,
          630
        ],
        [
          844,
          631
        ],
        [
          844,
          632
        ],
        [
          844,
          633
        ],
        [
          844,
          634
        ],
        [
          844,
          635
        ],
        [
          844,
          636
        ],
        [
          844,
          637
        ],
        [
          844,
          638
        ],
        [
          844,
          639
        ],
        [
          844,
          640
        ],
        [
          844,
          641
        ],
        [
          844,
          642
        ],
        [
          844,
          643
        ],
        [
          844,
          644
        ],
        [
          844,
          645
        ],
        [
          844,
          646
        ],
        [
          844,
          647
        ],
        [
          844,
          648
        ],
        [
          844,
          649
        ],
        [
          844,
          650
        ],
        [
          844,
          651
        ],
        [
          844,
          652
        ],
        [
          844,
          653
        ],
        [
          844,
          654
        ],
        [
          844,
          655
        ],
        [
          844,
          656
        ],
        [
          844,
          657
        ],
        [
          844,
          658
        ],
        [
          844,
          659
        ],
        [
          844,
          660
        ],
        [
          844,
          661
        ],
        [
          844,
          662
        ],
        [
          844,
          663
        ],
        [
          844,
          664
        ],
        [
          844,
          665
        ],
        [
          844,
          666
        ],
        [
          844,
          667
        ],
        [
          844,
          668
        ],
        [
          844,
          669
        ],
        [
          845,
          669
        ],
        [
          845,
          670
        ],
        [
          845,
          671
        ],
        [
          845,
          672
        ],
        [
          844,
          672
        ],
        [
          844,
          673
        ],
        [
          844,
          674
        ],
        [
          844,
          675
        ],
        [
          844,
          676
        ],
        [
          844,
          677
        ],
        [
          844,
          678
        ]
      ]
    }
  ]
}