{
  "image": "porta1.png",
  "width": 1785,
  "height": 1004,
  "alpha_threshold": 0,
  "polygons": [
    {
      "type": "outer",
      "points": [
        [
          676,
          410
        ],
        [
          676,
          409
        ],
        [
          676,
          408
        ],
        [
          676,
          407
        ],
        [
          676,
          406
        ],
        [
          676,
          405
        ],
        [
          676,
          404
        ],
        [
          676,
          403
        ],
        [
          675,
          403
        ],
        [
          675,
          402
        ],
        [
          675,
          401
        ],
        [
          675,
          400
        ],
        [
          675,
          399
        ],
        [
          675,
          398
        ],
        [
          675,
          397
        ],
        [
          675,
          396
        ],
        [
          675,
          395
        ],
        [
          675,
          394
        ],
        [
          674,
          394
        ],
        [
          674,
          393
        ],
        [
          674,
          392
        ],
        [
          674,
          391
        ],
        [
          674,
          390
        ],
        [
          674,
          389
        ],
        [
          674,
          388
        ],
        [
          673,
          388
        ],
        [
          673,
          387
        ],
        [
          673,
          386
        ],
        [
          673,
          385
        ],
        [
          673,
          384
        ],
        [
          673,
          383
        ],
        [
          672,
          383
        ],
        [
          672,
          382
        ],
        [
          672,
          381
        ],
        [
          672,
          380
        ],
        [
          671,
          380
        ],
        [
          671,
          379
        ],
        [
          671,
          378
        ],
        [
          671,
          377
        ],
        [
          670,
          377
        ],
        [
          670,
          376
        ],
        [
          670,
          375
        ],
        [
          670,
          374
        ],
        [
          670,
          373
        ],
        [
          669,
          373
        ],
        [
          669,
          372
        ],
        [
          669,
          371
        ],
        [
          669,
          370
        ],
        [
          668,
          370
        ],
        [
          668,
          369
        ],
        [
          668,
          368
        ],
        [
          668,
          367
        ],
        [
          667,
          367
        ],
        [
          667,
          366
        ],
        [
          667,
          365
        ],
        [
          666,
          365
        ],
        [
          666,
          364
        ],
        [
          666,
          363
        ],
        [
          665,
          363
        ],
        [
          665,
          362
        ],
        [
          665,
          361
        ],
        [
          664,
          361
        ],
        [
          664,
          360
        ],
        [
          664,
          359
        ],
        [
          664,
          358
        ],
        [
          663,
          358
        ],
        [
          663,
          357
        ],
        [
          663,
          356
        ],
        [
          662,
          356
        ],
        [
          662,
          355
        ],
        [
          662,
          354
        ],
        [
          661,
          354
        ],
        [
          661,
          353
        ],
        [
          661,
          352
        ],
        [
          660,
          352
        ],
        [
          660,
          351
        ],
        [
          660,
          350
        ],
        [
          659,
          350
        ],
        [
          659,
          349
        ],
        [
          658,
          349
        ],
        [
          658,
          348
        ],
        [
          658,
          347
        ],
        [
          657,
          347
        ],
        [
          657,
          346
        ],
        [
          657,
          345
        ],
        [
          656,
          345
        ],
        [
          656,
          344
        ],
        [
          655,
          344
        ],
        [
          655,
          343
        ],
        [
          655,
          342
        ],
        [
          654,
          342
        ],
        [
          654,
          341
        ],
        [
          654,
          340
        ],
        [
          653,
          340
        ],
        [
          653,
          339
        ],
        [
          652,
          339
        ],
        [
          652,
          338
        ],
        [
          652,
          337
        ],
        [
          651,
          337
        ],
        [
          651,
          336
        ],
        [
          650,
          336
        ],
        [
          650,
          335
        ],
        [
          649,
          335
        ],
        [
          649,
          334
        ],
        [
          649,
          333
        ],
        [
          648,
          333
        ],
        [
          648,
          332
        ],
        [
          647,
          332
        ],
        [
          647,
          331
        ],
        [
          646,
          331
        ],
        [
          646,
          330
        ],
        [
          645,
          330
        ],
        [
          645,
          329
        ],
        [
          645,
          328
        ],
        [
          644,
          328
        ],
        [
          644,
          327
        ],
        [
          643,
          327
        ],
        [
          643,
          326
        ],
        [
          642,
          326
        ],
        [
          642,
          325
        ],
        [
          642,
          324
        ],
        [
          641,
          324
        ],
        [
          641,
          323
        ],
        [
          640,
          323
        ],
        [
          640,
          322
        ],
        [
          639,
          322
        ],
        [
          639,
          321
        ],
        [
          638,
          321
        ],
        [
          638,
          320
        ],
        [
          637,
          320
        ],
        [
          637,
          319
        ],
        [
          636,
          319
        ],
        [
          636,
          318
        ],
        [
          635,
          318
        ],
        [
          635,
          317
        ],
        [
          634,
          317
        ],
        [
          634,
          316
        ],
        [
          633,
          316
        ],
        [
          633,
          315
        ],
        [
          632,
          315
        ],
        [
          632,
          314
        ],
        [
          631,
          314
        ],
        [
          631,
          313
        ],
        [
          630,
          313
        ],
        [
          630,
          312
        ],
        [
          629,
          312
        ],
        [
          629,
          311
        ],
        [
          628,
          311
        ],
        [
          628,
          310
        ],
        [
          627,
          310
        ],
        [
          627,
          309
        ],
        [
          626,
          309
        ],
        [
          625,
          309
        ],
        [
          625,
          308
        ],
        [
          624,
          308
        ],
        [
          624,
          307
        ],
        [
          623,
          307
        ],
        [
          623,
          306
        ],
        [
          622,
          306
        ],
        [
          622,
          305
        ],
        [
          621,
          305
        ],
        [
          621,
          304
        ],
        [
          620,
          304
        ],
        [
          620,
          303
        ],
        [
          619,
          303
        ],
        [
          618,
          303
        ],
        [
          618,
          302
        ],
        [
          617,
          302
        ],
        [
          617,
          301
        ],
        [
          616,
          301
        ],
        [
          616,
          300
        ],
        [
          615,
          300
        ],
        [
          614,
          300
        ],
        [
          614,
          299
        ],
        [
          613,
          299
        ],
        [
          613,
          298
        ],
        [
          612,
          298
        ],
        [
          611,
          298
        ],
        [
          611,
          297
        ],
        [
          610,
          297
        ],
        [
          610,
          296
        ],
        [
          609,
          296
        ],
        [
          608,
          296
        ],
        [
          608,
          295
        ],
        [
          607,
          295
        ],
        [
          606,
          295
        ],
        [
          606,
          294
        ],
        [
          605,
          294
        ],
        [
          605,
          293
        ],
        [
          604,
          293
        ],
        [
          603,
          293
        ],
        [
          603,
          292
        ],
        [
          602,
          292
        ],
        [
          601,
          292
        ],
        [
          601,
          291
        ],
        [
          600,
          291
        ],
        [
          599,
          291
        ],
        [
          599,
          290
        ],
        [
          598,
          290
        ],
        [
          597,
          290
        ],
        [
          597,
          289
        ],
        [
          596,
          289
        ],
        [
          596,
          288
        ],
        [
          595,
          288
        ],
        [
          594,
          288
        ],
        [
          593,
          288
        ],
        [
          593,
          287
        ],
        [
          592,
          287
        ],
        [
          591,
          287
        ],
        [
          591,
          286
        ],
        [
          590,
          286
        ],
        [
          589,
          286
        ],
        [
          589,
          285
        ],
        [
          588,
          285
        ],
        [
          587,
          285
        ],
        [
          586,
          285
        ],
        [
          586,
          284
        ],
        [
          585,
          284
        ],
        [
          584,
          284
        ],
        [
          583,
          284
        ],
        [
          583,
          283
        ],
        [
          582,
          283
        ],
        [
          581,
          283
        ],
        [
          580,
          283
        ],
        [
          580,
          282
        ],
        [
          579,
          282
        ],
        [
          578,
          282
        ],
        [
          577,
          282
        ],
        [
          577,
          281
        ],
        [
          576,
          281
        ],
        [
          575,
          281
        ],
        [
          574,
          281
        ],
        [
          574,
          280
        ],
        [
          573,
          280
        ],
        [
          572,
          280
        ],
        [
          571,
          280
        ],
        [
          571,
          279
        ],
        [
          570,
          279
        ],
        [
          569,
          279
        ],
        [
          568,
          279
        ],
        [
          567,
          279
        ],
        [
          566,
          279
        ],
        [
          566,
          278
        ],
        [
          565,
          278
        ],
        [
          564,
          278
        ],
        [
          563,
          278
        ],
        [
          562,
          278
        ],
        [
          561,
          278
        ],
        [
          561,
          277
        ],
        [
          560,
          277
        ],
        [
          559,
          277
        ],
        [
          558,
          277
        ],
        [
          557,
          277
        ],
        [
          556,
          277
        ],
        [
          555,
          277
        ],
        [
          554,
          277
        ],
        [
          553,
          277
        ],
        [
          552,
          277
        ],
        [
          552,
          276
        ],
        [
          551,
          276
        ],
        [
          550,
          276
        ],
        [
          549,
          276
        ],
        [
          548,
          276
        ],
        [
          547,
          276
        ],
        [
          546,
          276
        ],
        [
          545,
          276
        ],
        [
          544,
          276
        ],
        [
          543,
          276
        ],
        [
          542,
          276
        ],
        [
          541,
          276
        ],
        [
          540,
          276
        ],
        [
          539,
          276
        ],
        [
          539,
          275
        ],
        [
          538,
          275
        ],
        [
          537,
          275
        ],
        [
          536,
          275
        ],
        [
          535,
          275
        ],
        [
          534,
          275
        ],
        [
          533,
          275
        ],
        [
          532,
          275
        ],
        [
          531,
          275
        ],
        [
          530,
          275
        ],
        [
          530,
          276
        ],
        [
          529,
          276
        ],
        [
          528,
          276
        ],
        [
          527,
          276
        ],
        [
          526,
          276
        ],
        [
          525,
          276
        ],
        [
          524,
          276
        ],
        [
          523,
          276
        ],
        [
          522,
          276
        ],
        [
          521,
          276
        ],
        [
          520,
          276
        ],
        [
          519,
          276
        ],
        [
          518,
          276
        ],
        [
          517,
          276
        ],
        [
          516,
          276
        ],
        [
          515,
          276
        ],
        [
          514,
          276
        ],
        [
          514,
          277
        ],
        [
          513,
          277
        ],
        [
          512,
          277
        ],
        [
          511,
          277
        ],
        [
          510,
          277
        ],
        [
          509,
          277
        ],
        [
          508,
          277
        ],
        [
          507,
          277
        ],
        [
          507,
          278
        ],
        [
          506,
          278
        ],
        [
          505,
          278
        ],
        [
          504,
          278
        ],
        [
          503,
          278
        ],
        [
          502,
          278
        ],
        [
          502,
          279
        ],
        [
          501,
          279
        ],
        [
          500,
          279
        ],
        [
          499,
          279
        ],
        [
          498,
          279
        ],
        [
          498,
          280
        ],
        [
          497,
          280
        ],
        [
          496,
          280
        ],
        [
          495,
          280
        ],
        [
          495,
          281
        ],
        [
          494,
          281
        ],
        [
          493,
          281
        ],
        [
          492,
          281
        ],
        [
          492,
          282
        ],
        [
          491,
          282
        ],
        [
          490,
          282
        ],
        [
          489,
          282
        ],
        [
          488,
          282
        ],
        [
          488,
          283
        ],
        [
          487,
          283
        ],
        [
          486,
          283
        ],
        [
          485,
          283
        ],
        [
          485,
          284
        ],
        [
          484,
          284
        ],
        [
          483,
          284
        ],
        [
          482,
          284
        ],
        [
          482,
          285
        ],
        [
          481,
          285
        ],
        [
          480,
          285
        ],
        [
          480,
          286
        ],
        [
          479,
          286
        ],
        [
          478,
          286
        ],
        [
          478,
          287
        ],
        [
          477,
          287
        ],
        [
          476,
          287
        ],
        [
          475,
          287
        ],
        [
          475,
          288
        ],
        [
          474,
          288
        ],
        [
          473,
          288
        ],
        [
          473,
          289
        ],
        [
          472,
          289
        ],
        [
          471,
          289
        ],
        [
          471,
          290
        ],
        [
          470,
          290
        ],
        [
          469,
          290
        ],
        [
          469,
          291
        ],
        [
          468,
          291
        ],
        [
          467,
          291
        ],
        [
          467,
          292
        ],
        [
          466,
          292
        ],
        [
          465,
          292
        ],
        [
          465,
          293
        ],
        [
          464,
          293
        ],
        [
          464,
          294
        ],
        [
          463,
          294
        ],
        [
          462,
          294
        ],
        [
          462,
          295
        ],
        [
          461,
          295
        ],
        [
          461,
          296
        ],
        [
          460,
          296
        ],
        [
          459,
          296
        ],
        [
          459,
          297
        ],
        [
          458,
          297
        ],
        [
          457,
          297
        ],
        [
          457,
          298
        ],
        [
          456,
          298
        ],
        [
          456,
          299
        ],
        [
          455,
          299
        ],
        [
          454,
          299
        ],
        [
          454,
          300
        ],
        [
          453,
          300
        ],
        [
          453,
          301
        ],
        [
          452,
          301
        ],
        [
          451,
          301
        ],
        [
          451,
          302
        ],
        [
          450,
          302
        ],
        [
          450,
          303
        ],
        [
          449,
          303
        ],
        [
          449,
          304
        ],
        [
          448,
          304
        ],
        [
          448,
          305
        ],
        [
          447,
          305
        ],
        [
          446,
          305
        ],
        [
          446,
          306
        ],
        [
          445,
          306
        ],
        [
          445,
          307
        ],
        [
          444,
          307
        ],
        [
          444,
          308
        ],
        [
          443,
          308
        ],
        [
          443,
          309
        ],
        [
          442,
          309
        ],
        [
          442,
          310
        ],
        [
          441,
          310
        ],
        [
          441,
          311
        ],
        [
          440,
          311
        ],
        [
          440,
          312
        ],
        [
          439,
          312
        ],
        [
          439,
          313
        ],
        [
          438,
          313
        ],
        [
          438,
          314
        ],
        [
          437,
          314
        ],
        [
          436,
          314
        ],
        [
          436,
          315
        ],
        [
          436,
          316
        ],
        [
          435,
          316
        ],
        [
          435,
          317
        ],
        [
          434,
          317
        ],
        [
          434,
          318
        ],
        [
          433,
          318
        ],
        [
          433,
          319
        ],
        [
          432,
          319
        ],
        [
          432,
          320
        ],
        [
          431,
          320
        ],
        [
          431,
          321
        ],
        [
          430,
          321
        ],
        [
          430,
          322
        ],
        [
          429,
          322
        ],
        [
          429,
          323
        ],
        [
          428,
          323
        ],
        [
          428,
          324
        ],
        [
          427,
          324
        ],
        [
          427,
          325
        ],
        [
          426,
          325
        ],
        [
          426,
          326
        ],
        [
          425,
          326
        ],
        [
          425,
          327
        ],
        [
          425,
          328
        ],
        [
          424,
          328
        ],
        [
          424,
          329
        ],
        [
          423,
          329
        ],
        [
          423,
          330
        ],
        [
          422,
          330
        ],
        [
          422,
          331
        ],
        [
          422,
          332
        ],
        [
          421,
          332
        ],
        [
          421,
          333
        ],
        [
          420,
          333
        ],
        [
          420,
          334
        ],
        [
          419,
          334
        ],
        [
          419,
          335
        ],
        [
          418,
          335
        ],
        [
          418,
          336
        ],
        [
          418,
          337
        ],
        [
          417,
          337
        ],
        [
          417,
          338
        ],
        [
          416,
          338
        ],
        [
          416,
          339
        ],
        [
          416,
          340
        ],
        [
          415,
          340
        ],
        [
          415,
          341
        ],
        [
          414,
          341
        ],
        [
          414,
          342
        ],
        [
          414,
          343
        ],
        [
          413,
          343
        ],
        [
          413,
          344
        ],
        [
          412,
          344
        ],
        [
          412,
          345
        ],
        [
          412,
          346
        ],
        [
          411,
          346
        ],
        [
          411,
          347
        ],
        [
          411,
          348
        ],
        [
          410,
          348
        ],
        [
          410,
          349
        ],
        [
          410,
          350
        ],
        [
          409,
          350
        ],
        [
          409,
          351
        ],
        [
          409,
          352
        ],
        [
          408,
          352
        ],
        [
          408,
          353
        ],
        [
          407,
          353
        ],
        [
          407,
          354
        ],
        [
          407,
          355
        ],
        [
          406,
          355
        ],
        [
          406,
          356
        ],
        [
          406,
          357
        ],
        [
          405,
          357
        ],
        [
          405,
          358
        ],
        [
          405,
          359
        ],
        [
          405,
          360
        ],
        [
          404,
          360
        ],
        [
          404,
          361
        ],
        [
          404,
          362
        ],
        [
          403,
          362
        ],
        [
          403,
          363
        ],
        [
          403,
          364
        ],
        [
          402,
          364
        ],
        [
          402,
          365
        ],
        [
          402,
          366
        ],
        [
          401,
          366
        ],
        [
          401,
          367
        ],
        [
          401,
          368
        ],
        [
          401,
          369
        ],
        [
          400,
          369
        ],
        [
          400,
          370
        ],
        [
          400,
          371
        ],
        [
          400,
          372
        ],
        [
          399,
          372
        ],
        [
          399,
          373
        ],
        [
          399,
          374
        ],
        [
          399,
          375
        ],
        [
          398,
          375
        ],
        [
          398,
          376
        ],
        [
          398,
          377
        ],
        [
          398,
          378
        ],
        [
          397,
          378
        ],
        [
          397,
          379
        ],
        [
          397,
          380
        ],
        [
          397,
          381
        ],
        [
          396,
          381
        ],
        [
          396,
          382
        ],
        [
          396,
          383
        ],
        [
          396,
          384
        ],
        [
          396,
          385
        ],
        [
          395,
          385
        ],
        [
          395,
          386
        ],
        [
          395,
          387
        ],
        [
          395,
          388
        ],
        [
          394,
          388
        ],
        [
          394,
          389
        ],
        [
          394,
          390
        ],
        [
          394,
          391
        ],
        [
          394,
          392
        ],
        [
          394,
          393
        ],
        [
          394,
          394
        ],
        [
          394,
          395
        ],
        [
          394,
          396
        ],
        [
          394,
          397
        ],
        [
          393,
          397
        ],
        [
          393,
          398
        ],
        [
          393,
          399
        ],
        [
          393,
          400
        ],
        [
          393,
          401
        ],
        [
          393,
          402
        ],
        [
          393,
          403
        ],
        [
          393,
          404
        ],
        [
          393,
          405
        ],
        [
          393,
          406
        ],
        [
          393,
          407
        ],
        [
          393,
          408
        ],
        [
          392,
          408
        ],
        [
          392,
          409
        ],
        [
          392,
          410
        ],
        [
          392,
          411
        ],
        [
          392,
          412
        ],
        [
          392,
          413
        ],
        [
          392,
          414
        ],
        [
          392,
          415
        ],
        [
          392,
          416
        ],
        [
          392,
          417
        ],
        [
          392,
          418
        ],
        [
          392,
          419
        ],
        [
          392,
          420
        ],
        [
          392,
          421
        ],
        [
          392,
          422
        ],
        [
          392,
          423
        ],
        [
          392,
          424
        ],
        [
          392,
          425
        ],
        [
          392,
          426
        ],
        [
          392,
          427
        ],
        [
          392,
          428
        ],
        [
          392,
          429
        ],
        [
          392,
          430
        ],
        [
          392,
          431
        ],
        [
          392,
          432
        ],
        [
          392,
          433
        ],
        [
          392,
          434
        ],
        [
          392,
          435
        ],
        [
          392,
          436
        ],
        [
          392,
          437
        ],
        [
          392,
          438
        ],
        [
          392,
          439
        ],
        [
          392,
          440
        ],
        [
          392,
          441
        ],
        [
          392,
          442
        ],
        [
          392,
          443
        ],
        [
          392,
          444
        ],
        [
          392,
          445
        ],
        [
          392,
          446
        ],
        [
          392,
          447
        ],
        [
          392,
          448
        ],
        [
          392,
          449
        ],
        [
          392,
          450
        ],
        [
          392,
          451
        ],
        [
          392,
          452
        ],
        [
          392,
          453
        ],
        [
          392,
          454
        ],
        [
          392,
          455
        ],
        [
          392,
          456
        ],
        [
          392,
          457
        ],
        [
          392,
          458
        ],
        [
          392,
          459
        ],
        [
          392,
          460
        ],
        [
          392,
          461
        ],
        [
          392,
          462
        ],
        [
          392,
          463
        ],
        [
          392,
          464
        ],
        [
          392,
          465
        ],
        [
          392,
          466
        ],
        [
          392,
          467
        ],
        [
          392,
          468
        ],
        [
          392,
          469
        ],
        [
          392,
          470
        ],
        [
          392,
          471
        ],
        [
          392,
          472
        ],
        [
          392,
          473
        ],
        [
          392,
          474
        ],
        [
          392,
          475
        ],
        [
          392,
          476
        ],
        [
          392,
          477
        ],
        [
          392,
          478
        ],
        [
          392,
          479
        ],
        [
          392,
          480
        ],
        [
          392,
          481
        ],
        [
          392,
          482
        ],
        [
          392,
          483
        ],
        [
          392,
          484
        ],
        [
          392,
          485
        ],
        [
          392,
          486
        ],
        [
          392,
          487
        ],
        [
          392,
          488
        ],
        [
          392,
          489
        ],
        [
          392,
          490
        ],
        [
          392,
          491
        ],
        [
          392,
          492
        ],
        [
          392,
          493
        ],
        [
          392,
          494
        ],
        [
          392,
          495
        ],
        [
          392,
          496
        ],
        [
          392,
          497
        ],
        [
          392,
          498
        ],
        [
          392,
          499
        ],
        [
          392,
          500
        ],
        [
          392,
          501
        ],
        [
          392,
          502
        ],
        [
          392,
          503
        ],
        [
          392,
          504
        ],
        [
          392,
          505
        ],
        [
          392,
          506
        ],
        [
          392,
          507
        ],
        [
          392,
          508
        ],
        [
          392,
          509
        ],
        [
          392,
          510
        ],
        [
          392,
          511
        ],
        [
          392,
          512
        ],
        [
          392,
          513
        ],
        [
          392,
          514
        ],
        [
          392,
          515
        ],
        [
          392,
          516
        ],
        [
          392,
          517
        ],
        [
          392,
          518
        ],
        [
          392,
          519
        ],
        [
          392,
          520
        ],
        [
          392,
          521
        ],
        [
          392,
          522
        ],
        [
          392,
          523
        ],
        [
          392,
          524
        ],
        [
          392,
          525
        ],
        [
          392,
          526
        ],
        [
          392,
          527
        ],
        [
          392,
          528
        ],
        [
          392,
          529
        ],
        [
          392,
          530
        ],
        [
          392,
          531
        ],
        [
          392,
          532
        ],
        [
          392,
          533
        ],
        [
          393,
          533
        ],
        [
          393,
          534
        ],
        [
          393,
          535
        ],
        [
          393,
          536
        ],
        [
          393,
          537
        ],
        [
          393,
          538
        ],
        [
          393,
          539
        ],
        [
          393,
          540
        ],
        [
          393,
          541
        ],
        [
          393,
          542
        ],
        [
          393,
          543
        ],
        [
          393,
          544
        ],
        [
          393,
          545
        ],
        [
          393,
          546
        ],
        [
          393,
          547
        ],
        [
          392,
          547
        ],
        [
          392,
          548
        ],
        [
          392,
          549
        ],
        [
          392,
          550
        ],
        [
          393,
          550
        ],
        [
          393,
          551
        ],
        [
          393,
          552
        ],
        [
          393,
          553
        ],
        [
          393,
          554
        ],
        [
          393,
          555
        ],
        [
          393,
          556
        ],
        [
          393,
          557
        ],
        [
          393,
          558
        ],
        [
          393,
          559
        ],
        [
          393,
          560
        ],
        [
          393,
          561
        ],
        [
          393,
          562
        ],
        [
          393,
          563
        ],
        [
          393,
          564
        ],
        [
          393,
          565
        ],
        [
          393,
          566
        ],
        [
          393,
          567
        ],
        [
          393,
          568
        ],
        [
          392,
          568
        ],
        [
          392,
          569
        ],
        [
          392,
          570
        ],
        [
          392,
          571
        ],
        [
          392,
          572
        ],
        [
          392,
          573
        ],
        [
          392,
          574
        ],
        [
          392,
          575
        ],
        [
          392,
          576
        ],
        [
          392,
          577
        ],
        [
          392,
          578
        ],
        [
          392,
          579
        ],
        [
          392,
          580
        ],
        [
          392,
          581
        ],
        [
          392,
          582
        ],
        [
          392,
          583
        ],
        [
          392,
          584
        ],
        [
          392,
          585
        ],
        [
          392,
          586
        ],
        [
          392,
          587
        ],
        [
          392,
          588
        ],
        [
          392,
          589
        ],
        [
          392,
          590
        ],
        [
          392,
          591
        ],
        [
          392,
          592
        ],
        [
          392,
          593
        ],
        [
          392,
          594
        ],
        [
          392,
          595
        ],
        [
          392,
          596
        ],
        [
          392,
          597
        ],
        [
          392,
          598
        ],
        [
          392,
          599
        ],
        [
          392,
          600
        ],
        [
          392,
          601
        ],
        [
          392,
          602
        ],
        [
          392,
          603
        ],
        [
          392,
          604
        ],
        [
          392,
          605
        ],
        [
          392,
          606
        ],
        [
          392,
          607
        ],
        [
          392,
          608
        ],
        [
          392,
          609
        ],
        [
          392,
          610
        ],
        [
          392,
          611
        ],
        [
          392,
          612
        ],
        [
          392,
          613
        ],
        [
          392,
          614
        ],
        [
          392,
          615
        ],
        [
          392,
          616
        ],
        [
          392,
          617
        ],
        [
          392,
          618
        ],
        [
          392,
          619
        ],
        [
          392,
          620
        ],
        [
          392,
          621
        ],
        [
          392,
          622
        ],
        [
          392,
          623
        ],
        [
          392,
          624
        ],
        [
          392,
          625
        ],
        [
          392,
          626
        ],
        [
          392,
          627
        ],
        [
          392,
          628
        ],
        [
          392,
          629
        ],
        [
          392,
          630
        ],
        [
          392,
          631
        ],
        [
          392,
          632
        ],
        [
          392,
          633
        ],
        [
          392,
          634
        ],
        [
          392,
          635
        ],
        [
          392,
          636
        ],
        [
          392,
          637
        ],
        [
          392,
          638
        ],
        [
          392,
          639
        ],
        [
          392,
          640
        ],
        [
          392,
          641
        ],
        [
          392,
          642
        ],
        [
          392,
          643
        ],
        [
          392,
          644
        ],
        [
          392,
          645
        ],
        [
          392,
          646
        ],
        [
          392,
          647
        ],
        [
          392,
          648
        ],
        [
          392,
          649
        ],
        [
          392,
          650
        ],
        [
          392,
          651
        ],
        [
          392,
          652
        ],
        [
          392,
          653
        ],
        [
          392,
          654
        ],
        [
          392,
          655
        ],
        [
          392,
          656
        ],
        [
          392,
          657
        ],
        [
          392,
          658
        ],
        [
          392,
          659
        ],
        [
          392,
          660
        ],
        [
          392,
          661
        ],
        [
          392,
          662
        ],
        [
          392,
          663
        ],
        [
          392,
          664
        ],
        [
          392,
          665
        ],
        [
          392,
          666
        ],
        [
          392,
          667
        ],
        [
          392,
          668
        ],
        [
          392,
          669
        ],
        [
          392,
          670
        ],
        [
          392,
          671
        ],
        [
          392,
          672
        ],
        [
          392,
          673
        ],
        [
          392,
          674
        ],
        [
          392,
          675
        ],
        [
          392,
          676
        ],
        [
          392,
          677
        ],
        [
          392,
          678
        ],
        [
          392,
          679
        ],
        [
          392,
          680
        ],
        [
          392,
          681
        ],
        [
          392,
          682
        ],
        [
          392,
          683
        ],
        [
          392,
          684
        ],
        [
          392,
          685
        ],
        [
          392,
          686
        ],
        [
          392,
          687
        ],
        [
          392,
          688
        ],
        [
          392,
          689
        ],
        [
          392,
          690
        ],
        [
          392,
          691
        ],
        [
          392,
          692
        ],
        [
          392,
          693
        ],
        [
          392,
          694
        ],
        [
          392,
          695
        ],
        [
          392,
          696
        ],
        [
          392,
          697
        ],
        [
          392,
          698
        ],
        [
          392,
          699
        ],
        [
          392,
          700
        ],
        [
          392,
          701
        ],
        [
          392,
          702
        ],
        [
          392,
          703
        ],
        [
          392,
          704
        ],
        [
          392,
          705
        ],
        [
          392,
          706
        ],
        [
          392,
          707
        ],
        [
          392,
          708
        ],
        [
          392,
          709
        ],
        [
          392,
          710
        ],
        [
          392,
          711
        ],
        [
          392,
          712
        ],
        [
          392,
          713
        ],
        [
          392,
          714
        ],
        [
          392,
          715
        ],
        [
          392,
          716
        ],
        [
          392,
          717
        ],
        [
          392,
          718
        ],
        [
          392,
          719
        ],
        [
          392,
          720
        ],
        [
          392,
          721
        ],
        [
          392,
          722
        ],
        [
          392,
          723
        ],
        [
          392,
          724
        ],
        [
          392,
          725
        ],
        [
          392,
          726
        ],
        [
          392,
          727
        ],
        [
          392,
          728
        ],
        [
          392,
          729
        ],
        [
          392,
          730
        ],
        [
          392,
          731
        ],
        [
          392,
          732
        ],
        [
          392,
          733
        ],
        [
          392,
          734
        ],
        [
          392,
          735
        ],
        [
          392,
          736
        ],
        [
          392,
          737
        ],
        [
          392,
          738
        ],
        [
          392,
          739
        ],
        [
          392,
          740
        ],
        [
          392,
          741
        ],
        [
          392,
          742
        ],
        [
          392,
          743
        ],
        [
          392,
          744
        ],
        [
          392,
          745
        ],
        [
          392,
          746
        ],
        [
          392,
          747
        ],
        [
          392,
          748
        ],
        [
          392,
          749
        ],
        [
          392,
          750
        ],
        [
          392,
          751
        ],
        [
          392,
          752
        ],
        [
          392,
          753
        ],
        [
          392,
          754
        ],
        [
          392,
          755
        ],
        [
          392,
          756
        ],
        [
          392,
          757
        ],
        [
          392,
          758
        ],
        [
          392,
          759
        ],
        [
          392,
          760
        ],
        [
          392,
          761
        ],
        [
          392,
          762
        ],
        [
          392,
          763
        ],
        [
          392,
          764
        ],
        [
          392,
          765
        ],
        [
          392,
          766
        ],
        [
          392,
          767
        ],
        [
          392,
          768
        ],
        [
          392,
          769
        ],
        [
          392,
          770
        ],
        [
          392,
          771
        ],
        [
          392,
          772
        ],
        [
          392,
          773
        ],
        [
          392,
          774
        ],
        [
          392,
          775
        ],
        [
          392,
          776
        ],
        [
          392,
          777
        ],
        [
          392,
          778
        ],
        [
          392,
          779
        ],
        [
          392,
          780
        ],
        [
          392,
          781
        ],
        [
          392,
          782
        ],
        [
          392,
          783
        ],
        [
          392,
          784
        ],
        [
          392,
          785
        ],
        [
          393,
          785
        ],
        [
          393,
          786
        ],
        [
          393,
          787
        ],
        [
          393,
          788
        ],
        [
          393,
          789
        ],
        [
          393,
          790
        ],
        [
          393,
          791
        ],
        [
          394,
          791
        ],
        [
          394,
          792
        ],
        [
          394,
          793
        ],
        [
          395,
          793
        ],
        [
          396,
          793
        ],
        [
          397,
          793
        ],
        [
          398,
          793
        ],
        [
          399,
          793
        ],
        [
          400,
          793
        ],
        [
          401,
          793
        ],
        [
          402,
          793
        ],
        [
          403,
          793
        ],
        [
          404,
          793
        ],
        [
          405,
          793
        ],
        [
          406,
          793
        ],
        [
          407,
          793
        ],
        [
          408,
          793
        ],
        [
          409,
          793
        ],
        [
          409,
          794
        ],
        [
          410,
          794
        ],
        [
          411,
          794
        ],
        [
          411,
          795
        ],
        [
          412,
          795
        ],
        [
          413,
          795
        ],
        [
          414,
          795
        ],
        [
          415,
          795
        ],
        [
          416,
          795
        ],
        [
          416,
          794
        ],
        [
          417,
          794
        ],
        [
          418,
          794
        ],
        [
          418,
          793
        ],
        [
          419,
          793
        ],
        [
          420,
          793
        ],
        [
          421,
          793
        ],
        [
          422,
          793
        ],
        [
          423,
          793
        ],
        [
          424,
          793
        ],
        [
          425,
          793
        ],
        [
          426,
          793
        ],
        [
          427,
          793
        ],
        [
          428,
          793
        ],
        [
          429,
          793
        ],
        [
          430,
          793
        ],
        [
          431,
          793
        ],
        [
          432,
          793
        ],
        [
          433,
          793
        ],
        [
          434,
          793
        ],
        [
          435,
          793
        ],
        [
          436,
          793
        ],
        [
          437,
          793
        ],
        [
          438,
          793
        ],
        [
          439,
          793
        ],
        [
          440,
          793
        ],
        [
          441,
          793
        ],
        [
          442,
          793
        ],
        [
          443,
          793
        ],
        [
          444,
          793
        ],
        [
          445,
          793
        ],
        [
          446,
          793
        ],
        [
          447,
          793
        ],
        [
          448,
          793
        ],
        [
          449,
          793
        ],
        [
          450,
          793
        ],
        [
          451,
          793
        ],
        [
          452,
          793
        ],
        [
          453,
          793
        ],
        [
          454,
          793
        ],
        [
          455,
          793
        ],
        [
          456,
          793
        ],
        [
          457,
          793
        ],
        [
          458,
          793
        ],
        [
          459,
          793
        ],
        [
          460,
          793
        ],
        [
          461,
          793
        ],
        [
          462,
          793
        ],
        [
          463,
          793
        ],
        [
          464,
          793
        ],
        [
          465,
          793
        ],
        [
          466,
          793
        ],
        [
          467,
          793
        ],
        [
          468,
          793
        ],
        [
          469,
          793
        ],
        [
          470,
          793
        ],
        [
          471,
          793
        ],
        [
          472,
          793
        ],
        [
          473,
          793
        ],
        [
          474,
          793
        ],
        [
          475,
          793
        ],
        [
          476,
          793
        ],
        [
          477,
          793
        ],
        [
          478,
          793
        ],
        [
          479,
          793
        ],
        [
          480,
          793
        ],
        [
          481,
          793
        ],
        [
          482,
          793
        ],
        [
          483,
          793
        ],
        [
          484,
          793
        ],
        [
          485,
          793
        ],
        [
          486,
          793
        ],
        [
          487,
          793
        ],
        [
          488,
          793
        ],
        [
          489,
          793
        ],
        [
          490,
          793
        ],
        [
          491,
          793
        ],
        [
          492,
          793
        ],
        [
          493,
          793
        ],
        [
          494,
          793
        ],
        [
          495,
          793
        ],
        [
          496,
          793
        ],
        [
          497,
          793
        ],
        [
          498,
          793
        ],
        [
          499,
          793
        ],
        [
          500,
          793
        ],
        [
          501,
          793
        ],
        [
          502,
          793
        ],
        [
          503,
          793
        ],
        [
          504,
          793
        ],
        [
          505,
          793
        ],
        [
          506,
          793
        ],
        [
          507,
          793
        ],
        [
          508,
          793
        ],
        [
          509,
          793
        ],
        [
          510,
          793
        ],
        [
          511,
          793
        ],
        [
          512,
          793
        ],
        [
          513,
          793
        ],
        [
          514,
          793
        ],
        [
          515,
          793
        ],
        [
          516,
          793
        ],
        [
          517,
          793
        ],
        [
          518,
          793
        ],
        [
          519,
          793
        ],
        [
          520,
          793
        ],
        [
          521,
          793
        ],
        [
          522,
          793
        ],
        [
          523,
          793
        ],
        [
          524,
          793
        ],
        [
          525,
          793
        ],
        [
          526,
          793
        ],
        [
          527,
          793
        ],
        [
          528,
          793
        ],
        [
          529,
          793
        ],
        [
          530,
          793
        ],
        [
          531,
          793
        ],
        [
          532,
          793
        ],
        [
          533,
          793
        ],
        [
          534,
          793
        ],
        [
          535,
          793
        ],
        [
          536,
          793
        ],
        [
          537,
          793
        ],
        [
          538,
          793
        ],
        [
          539,
          793
        ],
        [
          540,
          793
        ],
        [
          541,
          793
        ],
        [
          542,
          793
        ],
        [
          543,
          793
        ],
        [
          544,
          793
        ],
        [
          545,
          793
        ],
        [
          546,
          793
        ],
        [
          547,
          793
        ],
        [
          548,
          793
        ],
        [
          549,
          793
        ],
        [
          550,
          793
        ],
        [
          551,
          793
        ],
        [
          552,
          793
        ],
        [
          553,
          793
        ],
        [
          554,
          793
        ],
        [
          555,
          793
        ],
        [
          556,
          793
        ],
        [
          557,
          793
        ],
        [
          558,
          793
        ],
        [
          559,
          793
        ],
        [
          560,
          793
        ],
        [
          561,
          793
        ],
        [
          562,
          793
        ],
        [
          563,
          793
        ],
        [
          564,
          793
        ],
        [
          565,
          793
        ],
        [
          566,
          793
        ],
        [
          567,
          793
        ],
        [
          568,
          793
        ],
        [
          569,
          793
        ],
        [
          570,
          793
        ],
        [
          571,
          793
        ],
        [
          572,
          793
        ],
        [
          573,
          793
        ],
        [
          574,
          793
        ],
        [
          575,
          793
        ],
        [
          576,
          793
        ],
        [
          577,
          793
        ],
        [
          578,
          793
        ],
        [
          579,
          793
        ],
        [
          580,
          793
        ],
        [
          581,
          793
        ],
        [
          582,
          793
        ],
        [
          583,
          793
        ],
        [
          584,
          793
        ],
        [
          585,
          793
        ],
        [
          586,
          793
        ],
        [
          587,
          793
        ],
        [
          588,
          793
        ],
        [
          589,
          793
        ],
        [
          590,
          793
        ],
        [
          591,
          793
        ],
        [
          592,
          793
        ],
        [
          593,
          793
        ],
        [
          594,
          793
        ],
        [
          595,
          793
        ],
        [
          596,
          793
        ],
        [
          597,
          793
        ],
        [
          598,
          793
        ],
        [
          599,
          793
        ],
        [
          600,
          793
        ],
        [
          601,
          793
        ],
        [
          602,
          793
        ],
        [
          603,
          793
        ],
        [
          604,
          793
        ],
        [
          605,
          793
        ],
        [
          606,
          793
        ],
        [
          607,
          793
        ],
        [
          608,
          793
        ],
        [
          609,
          793
        ],
        [
          610,
          793
        ],
        [
          611,
          793
        ],
        [
          612,
          793
        ],
        [
          613,
          793
        ],
        [
          614,
          793
        ],
        [
          615,
          793
        ],
        [
          616,
          793
        ],
        [
          617,
          793
        ],
        [
          618,
          793
        ],
        [
          619,
          793
        ],
        [
          620,
          793
        ],
        [
          621,
          793
        ],
        [
          622,
          793
        ],
        [
          623,
          793
        ],
        [
          624,
          793
        ],
        [
          625,
          793
        ],
        [
          626,
          793
        ],
        [
          627,
          793
        ],
        [
          628,
          793
        ],
        [
          629,
          793
        ],
        [
          630,
          793
        ],
        [
          631,
          793
        ],
        [
          632,
          793
        ],
        [
          633,
          793
        ],
        [
          634,
          793
        ],
        [
          635,
          793
        ],
        [
          636,
          793
        ],
        [
          637,
          793
        ],
        [
          638,
          793
        ],
        [
          639,
          793
        ],
        [
          640,
          793
        ],
        [
          641,
          793
        ],
        [
          642,
          793
        ],
        [
          643,
          793
        ],
        [
          644,
          793
        ],
        [
          645,
          793
        ],
        [
          646,
          793
        ],
        [
          647,
          793
        ],
        [
          648,
          793
        ],
        [
          649,
          793
        ],
        [
          650,
          793
        ],
        [
          651,
          793
        ],
        [
          652,
          793
        ],
        [
          653,
          793
        ],
        [
          654,
          793
        ],
        [
          654,
          794
        ],
        [
          655,
          794
        ],
        [
          656,
          794
        ],
        [
          657,
          794
        ],
        [
          658,
          794
        ],
        [
          659,
          794
        ],
        [
          660,
          794
        ],
        [
          661,
          794
        ],
        [
          661,
          793
        ],
        [
          662,
          793
        ],
        [
          663,
          793
        ],
        [
          664,
          793
        ],
        [
          665,
          793
        ],
        [
          666,
          793
        ],
        [
          667,
          793
        ],
        [
          668,
          793
        ],
        [
          669,
          793
        ],
        [
          670,
          793
        ],
        [
          671,
          793
        ],
        [
          672,
          793
        ],
        [
          673,
          793
        ],
        [
          674,
          793
        ],
        [
          674,
          792
        ],
        [
          675,
          792
        ],
        [
          676,
          792
        ],
        [
          676,
          791
        ],
        [
          676,
          790
        ],
        [
          676,
          789
        ],
        [
          676,
          788
        ],
        [
          676,
          787
        ],
        [
          677,
          787
        ],
        [
          677,
          786
        ],
        [
          677,
          785
        ],
        [
          677,
          784
        ],
        [
          677,
          783
        ],
        [
          677,
          782
        ],
        [
          677,
          781
        ],
        [
          677,
          780
        ],
        [
          677,
          779
        ],
        [
          677,
          778
        ],
        [
          677,
          777
        ],
        [
          677,
          776
        ],
        [
          677,
          775
        ],
        [
          677,
          774
        ],
        [
          677,
          773
        ],
        [
          677,
          772
        ],
        [
          677,
          771
        ],
        [
          677,
          770
        ],
        [
          677,
          769
        ],
        [
          676,
          769
        ],
        [
          676,
          768
        ],
        [
          676,
          767
        ],
        [
          676,
          766
        ],
        [
          676,
          765
        ],
        [
          676,
          764
        ],
        [
          676,
          763
        ],
        [
          676,
          762
        ],
        [
          676,
          761
        ],
        [
          676,
          760
        ],
        [
          676,
          759
        ],
        [
          676,
          758
        ],
        [
          676,
          757
        ],
        [
          676,
          756
        ],
        [
          676,
          755
        ],
        [
          676,
          754
        ],
        [
          676,
          753
        ],
        [
          676,
          752
        ],
        [
          676,
          751
        ],
        [
          676,
          750
        ],
        [
          676,
          749
        ],
        [
          676,
          748
        ],
        [
          676,
          747
        ],
        [
          676,
          746
        ],
        [
          676,
          745
        ],
        [
          676,
          744
        ],
        [
          676,
          743
        ],
        [
          676,
          742
        ],
        [
          676,
          741
        ],
        [
          676,
          740
        ],
        [
          676,
          739
        ],
        [
          676,
          738
        ],
        [
          676,
          737
        ],
        [
          676,
          736
        ],
        [
          676,
          735
        ],
        [
          676,
          734
        ],
        [
          676,
          733
        ],
        [
          676,
          732
        ],
        [
          676,
          731
        ],
        [
          676,
          730
        ],
        [
          676,
          729
        ],
        [
          677,
          729
        ],
        [
          677,
          728
        ],
        [
          677,
          727
        ],
        [
          677,
          726
        ],
        [
          677,
          725
        ],
        [
          676,
          725
        ],
        [
          676,
          724
        ],
        [
          676,
          723
        ],
        [
          676,
          722
        ],
        [
          676,
          721
        ],
        [
          676,
          720
        ],
        [
          676,
          719
        ],
        [
          676,
          718
        ],
        [
          676,
          717
        ],
        [
          676,
          716
        ],
        [
          676,
          715
        ],
        [
          676,
          714
        ],
        [
          676,
          713
        ],
        [
          676,
          712
        ],
        [
          676,
          711
        ],
        [
          676,
          710
        ],
        [
          676,
          709
        ],
        [
          676,
          708
        ],
        [
          676,
          707
        ],
        [
          676,
          706
        ],
        [
          676,
          705
        ],
        [
          676,
          704
        ],
        [
          676,
          703
        ],
        [
          676,
          702
        ],
        [
          676,
          701
        ],
        [
          676,
          700
        ],
        [
          676,
          699
        ],
        [
          676,
          698
        ],
        [
          676,
          697
        ],
        [
          676,
          696
        ],
        [
          676,
          695
        ],
        [
          676,
          694
        ],
        [
          676,
          693
        ],
        [
          676,
          692
        ],
        [
          676,
          691
        ],
        [
          676,
          690
        ],
        [
          676,
          689
        ],
        [
          676,
          688
        ],
        [
          676,
          687
        ],
        [
          676,
          686
        ],
        [
          676,
          685
        ],
        [
          676,
          684
        ],
        [
          677,
          684
        ],
        [
          677,
          683
        ],
        [
          677,
          682
        ],
        [
          676,
          682
        ],
        [
          676,
          681
        ],
        [
          676,
          680
        ],
        [
          676,
          679
        ],
        [
          676,
          678
        ],
        [
          677,
          678
        ],
        [
          677,
          677
        ],
        [
          677,
          676
        ],
        [
          677,
          675
        ],
        [
          677,
          674
        ],
        [
          677,
          673
        ],
        [
          677,
          672
        ],
        [
          677,
          671
        ],
        [
          677,
          670
        ],
        [
          677,
          669
        ],
        [
          677,
          668
        ],
        [
          677,
          667
        ],
        [
          677,
          666
        ],
        [
          677,
          665
        ],
        [
          677,
          664
        ],
        [
          677,
          663
        ],
        [
          677,
          662
        ],
        [
          677,
          661
        ],
        [
          677,
          660
        ],
        [
          677,
          659
        ],
        [
          677,
          658
        ],
        [
          677,
          657
        ],
        [
          676,
          657
        ],
        [
          676,
          656
        ],
        [
          676,
          655
        ],
        [
          677,
          655
        ],
        [
          677,
          654
        ],
        [
          677,
          653
        ],
        [
          677,
          652
        ],
        [
          676,
          652
        ],
        [
          676,
          651
        ],
        [
          676,
          650
        ],
        [
          676,
          649
        ],
        [
          676,
          648
        ],
        [
          676,
          647
        ],
        [
          676,
          646
        ],
        [
          676,
          645
        ],
        [
          676,
          644
        ],
        [
          676,
          643
        ],
        [
          677,
          643
        ],
        [
          677,
          642
        ],
        [
          677,
          641
        ],
        [
          677,
          640
        ],
        [
          677,
          639
        ],
        [
          677,
          638
        ],
        [
          677,
          637
        ],
        [
          677,
          636
        ],
        [
          677,
          635
        ],
        [
          677,
          634
        ],
        [
          677,
          633
        ],
        [
          677,
          632
        ],
        [
          677,
          631
        ],
        [
          676,
          631
        ],
        [
          676,
          630
        ],
        [
          676,
          629
        ],
        [
          676,
          628
        ],
        [
          676,
          627
        ],
        [
          676,
          626
        ],
        [
          676,
          625
        ],
        [
          676,
          624
        ],
        [
          677,
          624
        ],
        [
          677,
          623
        ],
        [
          677,
          622
        ],
        [
          677,
          621
        ],
        [
          677,
          620
        ],
        [
          676,
          620
        ],
        [
          676,
          619
        ],
        [
          676,
          618
        ],
        [
          676,
          617
        ],
        [
          676,
          616
        ],
        [
          676,
          615
        ],
        [
          676,
          614
        ],
        [
          676,
          613
        ],
        [
          676,
          612
        ],
        [
          676,
          611
        ],
        [
          676,
          610
        ],
        [
          676,
          609
        ],
        [
          677,
          609
        ],
        [
          677,
          608
        ],
        [
          677,
          607
        ],
        [
          677,
          606
        ],
        [
          677,
          605
        ],
        [
          677,
          604
        ],
        [
          677,
          603
        ],
        [
          677,
          602
        ],
        [
          677,
          601
        ],
        [
          677,
          600
        ],
        [
          677,
          599
        ],
        [
          677,
          598
        ],
        [
          677,
          597
        ],
        [
          677,
          596
        ],
        [
          677,
          595
        ],
        [
          677,
          594
        ],
        [
          677,
          593
        ],
        [
          677,
          592
        ],
        [
          677,
          591
        ],
        [
          677,
          590
        ],
        [
          677,
          589
        ],
        [
          677,
          588
        ],
        [
          677,
          587
        ],
        [
          677,
          586
        ],
        [
          677,
          585
        ],
        [
          677,
          584
        ],
        [
          677,
          583
        ],
        [
          677,
          582
        ],
        [
          677,
          581
        ],
        [
          677,
          580
        ],
        [
          677,
          579
        ],
        [
          677,
          578
        ],
        [
          677,
          577
        ],
        [
          677,
          576
        ],
        [
          677,
          575
        ],
        [
          677,
          574
        ],
        [
          677,
          573
        ],
        [
          677,
          572
        ],
        [
          677,
          571
        ],
        [
          677,
          570
        ],
        [
          677,
          569
        ],
        [
          677,
          568
        ],
        [
          677,
          567
        ],
        [
          677,
          566
        ],
        [
          677,
          565
        ],
        [
          677,
          564
        ],
        [
          677,
          563
        ],
        [
          677,
          562
        ],
        [
          677,
          561
        ],
        [
          677,
          560
        ],
        [
          677,
          559
        ],
        [
          677,
          558
        ],
        [
          677,
          557
        ],
        [
          677,
          556
        ],
        [
          677,
          555
        ],
        [
          677,
          554
        ],
        [
          677,
          553
        ],
        [
          677,
          552
        ],
        [
          677,
          551
        ],
        [
          677,
          550
        ],
        [
          677,
          549
        ],
        [
          677,
          548
        ],
        [
          677,
          547
        ],
        [
          677,
          546
        ],
        [
          677,
          545
        ],
        [
          677,
          544
        ],
        [
          676,
          544
        ],
        [
          676,
          543
        ],
        [
          676,
          542
        ],
        [
          676,
          541
        ],
        [
          677,
          541
        ],
        [
          677,
          540
        ],
        [
          677,
          539
        ],
        [
          677,
          538
        ],
        [
          677,
          537
        ],
        [
          676,
          537
        ],
        [
          676,
          536
        ],
        [
          676,
          535
        ],
        [
          676,
          534
        ],
        [
          676,
          533
        ],
        [
          676,
          532
        ],
        [
          676,
          531
        ],
        [
          676,
          530
        ],
        [
          676,
          529
        ],
        [
          676,
          528
        ],
        [
          676,
          527
        ],
        [
          676,
          526
        ],
        [
          676,
          525
        ],
        [
          676,
          524
        ],
        [
          676,
          523
        ],
        [
          676,
          522
        ],
        [
          676,
          521
        ],
        [
          677,
          521
        ],
        [
          677,
          520
        ],
        [
          677,
          519
        ],
        [
          677,
          518
        ],
        [
          677,
          517
        ],
        [
          677,
          516
        ],
        [
          677,
          515
        ],
        [
          677,
          514
        ],
        [
          677,
          513
        ],
        [
          677,
          512
        ],
        [
          677,
          511
        ],
        [
          677,
          510
        ],
        [
          676,
          510
        ],
        [
          676,
          509
        ],
        [
          676,
          508
        ],
        [
          677,
          508
        ],
        [
          677,
          507
        ],
        [
          677,
          506
        ],
        [
          677,
          505
        ],
        [
          677,
          504
        ],
        [
          677,
          503
        ],
        [
          677,
          502
        ],
        [
          677,
          501
        ],
        [
          677,
          500
        ],
        [
          677,
          499
        ],
        [
          677,
          498
        ],
        [
          677,
          497
        ],
        [
          677,
          496
        ],
        [
          677,
          495
        ],
        [
          677,
          494
        ],
        [
          677,
          493
        ],
        [
          677,
          492
        ],
        [
          677,
          491
        ],
        [
          677,
          490
        ],
        [
          677,
          489
        ],
        [
          677,
          488
        ],
        [
          677,
          487
        ],
        [
          677,
          486
        ],
        [
          677,
          485
        ],
        [
          677,
          484
        ],
        [
          677,
          483
        ],
        [
          677,
          482
        ],
        [
          677,
          481
        ],
        [
          677,
          480
        ],
        [
          677,
          479
        ],
        [
          677,
          478
        ],
        [
          677,
          477
        ],
        [
          677,
          476
        ],
        [
          677,
          475
        ],
        [
          677,
          474
        ],
        [
          677,
          473
        ],
        [
          677,
          472
        ],
        [
          677,
          471
        ],
        [
          677,
          470
        ],
        [
          677,
          469
        ],
        [
          677,
          468
        ],
        [
          677,
          467
        ],
        [
          677,
          466
        ],
        [
          677,
          465
        ],
        [
          677,
          464
        ],
        [
          677,
          463
        ],
        [
          677,
          462
        ],
        [
          677,
          461
        ],
        [
          677,
          460
        ],
        [
          677,
          459
        ],
        [
          677,
          458
        ],
        [
          677,
          457
        ],
        [
          677,
          456
        ],
        [
          677,
          455
        ],
        [
          677,
          454
        ],
        [
          677,
          453
        ],
        [
          677,
          452
        ],
        [
          677,
          451
        ],
        [
          676,
          451
        ],
        [
          676,
          450
        ],
        [
          677,
          450
        ],
        [
          677,
          449
        ],
        [
          677,
          448
        ],
        [
          676,
          448
        ],
        [
          676,
          447
        ],
        [
          676,
          446
        ],
        [
          676,
          445
        ],
        [
          676,
          444
        ],
        [
          676,
          443
        ],
        [
          676,
          442
        ],
        [
          676,
          441
        ],
        [
          676,
          440
        ],
        [
          677,
          440
        ],
        [
          677,
          439
        ],
        [
          677,
          438
        ],
        [
          677,
          437
        ],
        [
          677,
          436
        ],
        [
          677,
          435
        ],
        [
          677,
          434
        ],
        [
          676,
          434
        ],
        [
          676,
          433
        ],
        [
          676,
          432
        ],
        [
          676,
          431
        ],
        [
          676,
          430
        ],
        [
          676,
          429
        ],
        [
          676,
          428
        ],
        [
          676,
          427
        ],
        [
          676,
          426
        ],
        [
          676,
          425
        ],
        [
          676,
          424
        ],
        [
          676,
          423
        ],
        [
          676,
          422
        ],
        [
          676,
          421
        ],
        [
          676,
          420
        ],
        [
          676,
          419
        ],
        [
          676,
          418
        ],
        [
          676,
          417
        ],
        [
          676,
          416
        ],
        [
          676,
          415
        ],
        [
          676,
          414
        ],
        [
          676,
          413
        ],
        [
          676,
          412
        ],
        [
          676,
          411
        ]
      ]
    }
  ]
}