{
  "image": "porta3.png",
  "width": 1785,
  "height": 1004,
  "alpha_threshold": 0,
  "polygons": [
    {
      "type": "outer",
      "points": [
        [
          1556,
          355
        ],
        [
          1556,
          354
        ],
        [
          1555,
          354
        ],
        [
          1555,
          353
        ],
        [
          1555,
          352
        ],
        [
          1554,
          352
        ],
        [
          1554,
          351
        ],
        [
          1554,
          350
        ],
        [
          1553,
          350
        ],
        [
          1553,
          349
        ],
        [
          1552,
          349
        ],
        [
          1552,
          348
        ],
        [
          1552,
          347
        ],
        [
          1551,
          347
        ],
        [
          1551,
          346
        ],
        [
          1551,
          345
        ],
        [
          1550,
          345
        ],
        [
          1550,
          344
        ],
        [
          1549,
          344
        ],
        [
          1549,
          343
        ],
        [
          1549,
          342
        ],
        [
          1548,
          342
        ],
        [
          1548,
          341
        ],
        [
          1548,
          340
        ],
        [
          1547,
          340
        ],
        [
          1547,
          339
        ],
        [
          1546,
          339
        ],
        [
          1546,
          338
        ],
        [
          1546,
          337
        ],
        [
          1545,
          337
        ],
        [
          1545,
          336
        ],
        [
          1544,
          336
        ],
        [
          1544,
          335
        ],
        [
          1543,
          335
        ],
        [
          1543,
          334
        ],
        [
          1543,
          333
        ],
        [
          1542,
          333
        ],
        [
          1542,
          332
        ],
        [
          1541,
          332
        ],
        [
          1541,
          331
        ],
        [
          1540,
          331
        ],
        [
          1540,
          330
        ],
        [
          1539,
          330
        ],
        [
          1539,
          329
        ],
        [
          1539,
          328
        ],
        [
          1538,
          328
        ],
        [
          1538,
          327
        ],
        [
          1537,
          327
        ],
        [
          1537,
          326
        ],
        [
          1536,
          326
        ],
        [
          1536,
          325
        ],
        [
          1535,
          325
        ],
        [
          1535,
          324
        ],
        [
          1534,
          324
        ],
        [
          1534,
          323
        ],
        [
          1534,
          322
        ],
        [
          1533,
          322
        ],
        [
          1533,
          321
        ],
        [
          1532,
          321
        ],
        [
          1532,
          320
        ],
        [
          1531,
          320
        ],
        [
          1531,
          319
        ],
        [
          1530,
          319
        ],
        [
          1530,
          318
        ],
        [
          1529,
          318
        ],
        [
          1529,
          317
        ],
        [
          1528,
          317
        ],
        [
          1528,
          316
        ],
        [
          1527,
          316
        ],
        [
          1527,
          315
        ],
        [
          1526,
          315
        ],
        [
          1526,
          314
        ],
        [
          1525,
          314
        ],
        [
          1525,
          313
        ],
        [
          1524,
          313
        ],
        [
          1524,
          312
        ],
        [
          1523,
          312
        ],
        [
          1523,
          311
        ],
        [
          1522,
          311
        ],
        [
          1522,
          310
        ],
        [
          1521,
          310
        ],
        [
          1520,
          310
        ],
        [
          1520,
          309
        ],
        [
          1519,
          309
        ],
        [
          1519,
          308
        ],
        [
          1518,
          308
        ],
        [
          1518,
          307
        ],
        [
          1517,
          307
        ],
        [
          1517,
          306
        ],
        [
          1516,
          306
        ],
        [
          1516,
          305
        ],
        [
          1515,
          305
        ],
        [
          1515,
          304
        ],
        [
          1514,
          304
        ],
        [
          1513,
          304
        ],
        [
          1513,
          303
        ],
        [
          1512,
          303
        ],
        [
          1512,
          302
        ],
        [
          1511,
          302
        ],
        [
          1511,
          301
        ],
        [
          1510,
          301
        ],
        [
          1509,
          301
        ],
        [
          1509,
          300
        ],
        [
          1508,
          300
        ],
        [
          1508,
          299
        ],
        [
          1507,
          299
        ],
        [
          1507,
          298
        ],
        [
          1506,
          298
        ],
        [
          1505,
          298
        ],
        [
          1505,
          297
        ],
        [
          1504,
          297
        ],
        [
          1504,
          296
        ],
        [
          1503,
          296
        ],
        [
          1502,
          296
        ],
        [
          1502,
          295
        ],
        [
          1501,
          295
        ],
        [
          1500,
          295
        ],
        [
          1500,
          294
        ],
        [
          1499,
          294
        ],
        [
          1499,
          293
        ],
        [
          1498,
          293
        ],
        [
          1497,
          293
        ],
        [
          1497,
          292
        ],
        [
          1496,
          292
        ],
        [
          1495,
          292
        ],
        [
          1495,
          291
        ],
        [
          1494,
          291
        ],
        [
          1493,
          291
        ],
        [
          1493,
          290
        ],
        [
          1492,
          290
        ],
        [
          1491,
          290
        ],
        [
          1491,
          289
        ],
        [
          1490,
          289
        ],
        [
          1489,
          289
        ],
        [
          1489,
          288
        ],
        [
          1488,
          288
        ],
        [
          1487,
          288
        ],
        [
          1487,
          287
        ],
        [
          1486,
          287
        ],
        [
          1485,
          287
        ],
        [
          1485,
          286
        ],
        [
          1484,
          286
        ],
        [
          1483,
          286
        ],
        [
          1483,
          285
        ],
        [
          1482,
          285
        ],
        [
          1481,
          285
        ],
        [
          1480,
          285
        ],
        [
          1480,
          284
        ],
        [
          1479,
          284
        ],
        [
          1478,
          284
        ],
        [
          1477,
          284
        ],
        [
          1477,
          283
        ],
        [
          1476,
          283
        ],
        [
          1475,
          283
        ],
        [
          1474,
          283
        ],
        [
          1474,
          282
        ],
        [
          1473,
          282
        ],
        [
          1472,
          282
        ],
        [
          1471,
          282
        ],
        [
          1471,
          281
        ],
        [
          1470,
          281
        ],
        [
          1469,
          281
        ],
        [
          1468,
          281
        ],
        [
          1468,
          280
        ],
        [
          1467,
          280
        ],
        [
          1466,
          280
        ],
        [
          1465,
          280
        ],
        [
          1465,
          279
        ],
        [
          1464,
          279
        ],
        [
          1463,
          279
        ],
        [
          1462,
          279
        ],
        [
          1461,
          279
        ],
        [
          1460,
          279
        ],
        [
          1460,
          278
        ],
        [
          1459,
          278
        ],
        [
          1458,
          278
        ],
        [
          1457,
          278
        ],
        [
          1456,
          278
        ],
        [
          1455,
          278
        ],
        [
          1455,
          277
        ],
        [
          1454,
          277
        ],
        [
          1453,
          277
        ],
        [
          1452,
          277
        ],
        [
          1451,
          277
        ],
        [
          1450,
          277
        ],
        [
          1449,
          277
        ],
        [
          1448,
          277
        ],
        [
          1447,
          277
        ],
        [
          1446,
          277
        ],
        [
          1446,
          276
        ],
        [
          1445,
          276
        ],
        [
          1444,
          276
        ],
        [
          1443,
          276
        ],
        [
          1442,
          276
        ],
        [
          1441,
          276
        ],
        [
          1440,
          276
        ],
        [
          1439,
          276
        ],
        [
          1438,
          276
        ],
        [
          1437,
          276
        ],
        [
          1436,
          276
        ],
        [
          1435,
          276
        ],
        [
          1434,
          276
        ],
        [
          1433,
          276
        ],
        [
          1432,
          276
        ],
        [
          1432,
          275
        ],
        [
          1431,
          275
        ],
        [
          1430,
          275
        ],
        [
          1429,
          275
        ],
        [
          1428,
          275
        ],
        [
          1427,
          275
        ],
        [
          1426,
          275
        ],
        [
          1425,
          275
        ],
        [
          1424,
          275
        ],
        [
          1424,
          276
        ],
        [
          1423,
          276
        ],
        [
          1422,
          276
        ],
        [
          1421,
          276
        ],
        [
          1420,
          276
        ],
        [
          1419,
          276
        ],
        [
          1418,
          276
        ],
        [
          1417,
          276
        ],
        [
          1416,
          276
        ],
        [
          1415,
          276
        ],
        [
          1414,
          276
        ],
        [
          1413,
          276
        ],
        [
          1412,
          276
        ],
        [
          1411,
          276
        ],
        [
          1410,
          276
        ],
        [
          1409,
          276
        ],
        [
          1408,
          276
        ],
        [
          1408,
          277
        ],
        [
          1407,
          277
        ],
        [
          1406,
          277
        ],
        [
          1405,
          277
        ],
        [
          1404,
          277
        ],
        [
          1403,
          277
        ],
        [
          1402,
          277
        ],
        [
          1401,
          277
        ],
        [
          1401,
          278
        ],
        [
          1400,
          278
        ],
        [
          1399,
          278
        ],
        [
          1398,
          278
        ],
        [
          1397,
          278
        ],
        [
          1396,
          278
        ],
        [
          1396,
          279
        ],
        [
          1395,
          279
        ],
        [
          1394,
          279
        ],
        [
          1393,
          279
        ],
        [
          1392,
          279
        ],
        [
          1392,
          280
        ],
        [
          1391,
          280
        ],
        [
          1390,
          280
        ],
        [
          1389,
          280
        ],
        [
          1389,
          281
        ],
        [
          1388,
          281
        ],
        [
          1387,
          281
        ],
        [
          1386,
          281
        ],
        [
          1386,
          282
        ],
        [
          1385,
          282
        ],
        [
          1384,
          282
        ],
        [
          1383,
          282
        ],
        [
          1382,
          282
        ],
        [
          1382,
          283
        ],
        [
          1381,
          283
        ],
        [
          1380,
          283
        ],
        [
          1379,
          283
        ],
        [
          1379,
          284
        ],
        [
          1378,
          284
        ],
        [
          1377,
          284
        ],
        [
          1376,
          284
        ],
        [
          1376,
          285
        ],
        [
          1375,
          285
        ],
        [
          1374,
          285
        ],
        [
          1374,
          286
        ],
        [
          1373,
          286
        ],
        [
          1372,
          286
        ],
        [
          1372,
          287
        ],
        [
          1371,
          287
        ],
        [
          1370,
          287
        ],
        [
          1369,
          287
        ],
        [
          1369,
          288
        ],
        [
          1368,
          288
        ],
        [
          1367,
          288
        ],
        [
          1367,
          289
        ],
        [
          1366,
          289
        ],
        [
          1365,
          289
        ],
        [
          1365,
          290
        ],
        [
          1364,
          290
        ],
        [
          1363,
          290
        ],
        [
          1363,
          291
        ],
        [
          1362,
          291
        ],
        [
          1361,
          291
        ],
        [
          1361,
          292
        ],
        [
          1360,
          292
        ],
        [
          1359,
          292
        ],
        [
          1359,
          293
        ],
        [
          1358,
          293
        ],
        [
          1358,
          294
        ],
        [
          1357,
          294
        ],
        [
          1356,
          294
        ],
        [
          1356,
          295
        ],
        [
          1355,
          295
        ],
        [
          1354,
          295
        ],
        [
          1354,
          296
        ],
        [
          1353,
          296
        ],
        [
          1353,
          297
        ],
        [
          1352,
          297
        ],
        [
          1351,
          297
        ],
        [
          1351,
          298
        ],
        [
          1350,
          298
        ],
        [
          1350,
          299
        ],
        [
          1349,
          299
        ],
        [
          1348,
          299
        ],
        [
          1348,
          300
        ],
        [
          1347,
          300
        ],
        [
          1347,
          301
        ],
        [
          1346,
          301
        ],
        [
          1345,
          301
        ],
        [
          1345,
          302
        ],
        [
          1344,
          302
        ],
        [
          1344,
          303
        ],
        [
          1343,
          303
        ],
        [
          1343,
          304
        ],
        [
          1342,
          304
        ],
        [
          1342,
          305
        ],
        [
          1341,
          305
        ],
        [
          1340,
          305
        ],
        [
          1340,
          306
        ],
        [
          1339,
          306
        ],
        [
          1339,
          307
        ],
        [
          1338,
          307
        ],
        [
          1338,
          308
        ],
        [
          1337,
          308
        ],
        [
          1337,
          309
        ],
        [
          1336,
          309
        ],
        [
          1335,
          309
        ],
        [
          1335,
          310
        ],
        [
          1334,
          310
        ],
        [
          1334,
          311
        ],
        [
          1334,
          312
        ],
        [
          1333,
          312
        ],
        [
          1332,
          312
        ],
        [
          1332,
          313
        ],
        [
          1331,
          313
        ],
        [
          1331,
          314
        ],
        [
          1330,
          314
        ],
        [
          1330,
          315
        ],
        [
          1329,
          315
        ],
        [
          1329,
          316
        ],
        [
          1329,
          317
        ],
        [
          1328,
          317
        ],
        [
          1328,
          318
        ],
        [
          1327,
          318
        ],
        [
          1327,
          319
        ],
        [
          1326,
          319
        ],
        [
          1326,
          320
        ],
        [
          1325,
          320
        ],
        [
          1325,
          321
        ],
        [
          1324,
          321
        ],
        [
          1324,
          322
        ],
        [
          1323,
          322
        ],
        [
          1323,
          323
        ],
        [
          1322,
          323
        ],
        [
          1322,
          324
        ],
        [
          1321,
          324
        ],
        [
          1321,
          325
        ],
        [
          1320,
          325
        ],
        [
          1320,
          326
        ],
        [
          1319,
          326
        ],
        [
          1319,
          327
        ],
        [
          1318,
          327
        ],
        [
          1318,
          328
        ],
        [
          1318,
          329
        ],
        [
          1317,
          329
        ],
        [
          1317,
          330
        ],
        [
          1316,
          330
        ],
        [
          1316,
          331
        ],
        [
          1315,
          331
        ],
        [
          1315,
          332
        ],
        [
          1315,
          333
        ],
        [
          1314,
          333
        ],
        [
          1314,
          334
        ],
        [
          1313,
          334
        ],
        [
          1313,
          335
        ],
        [
          1312,
          335
        ],
        [
          1312,
          336
        ],
        [
          1312,
          337
        ],
        [
          1311,
          337
        ],
        [
          1311,
          338
        ],
        [
          1310,
          338
        ],
        [
          1310,
          339
        ],
        [
          1310,
          340
        ],
        [
          1309,
          340
        ],
        [
          1309,
          341
        ],
        [
          1308,
          341
        ],
        [
          1308,
          342
        ],
        [
          1308,
          343
        ],
        [
          1307,
          343
        ],
        [
          1307,
          344
        ],
        [
          1306,
          344
        ],
        [
          1306,
          345
        ],
        [
          1306,
          346
        ],
        [
          1305,
          346
        ],
        [
          1305,
          347
        ],
        [
          1305,
          348
        ],
        [
          1304,
          348
        ],
        [
          1304,
          349
        ],
        [
          1304,
          350
        ],
        [
          1303,
          350
        ],
        [
          1303,
          351
        ],
        [
          1302,
          351
        ],
        [
          1302,
          352
        ],
        [
          1302,
          353
        ],
        [
          1301,
          353
        ],
        [
          1301,
          354
        ],
        [
          1301,
          355
        ],
        [
          1300,
          355
        ],
        [
          1300,
          356
        ],
        [
          1300,
          357
        ],
        [
          1299,
          357
        ],
        [
          1299,
          358
        ],
        [
          1299,
          359
        ],
        [
          1298,
          359
        ],
        [
          1298,
          360
        ],
        [
          1298,
          361
        ],
        [
          1297,
          361
        ],
        [
          1297,
          362
        ],
        [
          1297,
          363
        ],
        [
          1297,
          364
        ],
        [
          1296,
          364
        ],
        [
          1296,
          365
        ],
        [
          1296,
          366
        ],
        [
          1295,
          366
        ],
        [
          1295,
          367
        ],
        [
          1295,
          368
        ],
        [
          1295,
          369
        ],
        [
          1294,
          369
        ],
        [
          1294,
          370
        ],
        [
          1294,
          371
        ],
        [
          1294,
          372
        ],
        [
          1293,
          372
        ],
        [
          1293,
          373
        ],
        [
          1293,
          374
        ],
        [
          1293,
          375
        ],
        [
          1292,
          375
        ],
        [
          1292,
          376
        ],
        [
          1292,
          377
        ],
        [
          1292,
          378
        ],
        [
          1291,
          378
        ],
        [
          1291,
          379
        ],
        [
          1291,
          380
        ],
        [
          1291,
          381
        ],
        [
          1290,
          381
        ],
        [
          1290,
          382
        ],
        [
          1290,
          383
        ],
        [
          1290,
          384
        ],
        [
          1289,
          384
        ],
        [
          1289,
          385
        ],
        [
          1289,
          386
        ],
        [
          1289,
          387
        ],
        [
          1288,
          387
        ],
        [
          1288,
          388
        ],
        [
          1288,
          389
        ],
        [
          1288,
          390
        ],
        [
          1288,
          391
        ],
        [
          1288,
          392
        ],
        [
          1288,
          393
        ],
        [
          1288,
          394
        ],
        [
          1288,
          395
        ],
        [
          1287,
          395
        ],
        [
          1287,
          396
        ],
        [
          1287,
          397
        ],
        [
          1287,
          398
        ],
        [
          1287,
          399
        ],
        [
          1287,
          400
        ],
        [
          1287,
          401
        ],
        [
          1287,
          402
        ],
        [
          1287,
          403
        ],
        [
          1287,
          404
        ],
        [
          1286,
          404
        ],
        [
          1286,
          405
        ],
        [
          1286,
          406
        ],
        [
          1286,
          407
        ],
        [
          1286,
          408
        ],
        [
          1286,
          409
        ],
        [
          1286,
          410
        ],
        [
          1286,
          411
        ],
        [
          1286,
          412
        ],
        [
          1286,
          413
        ],
        [
          1286,
          414
        ],
        [
          1286,
          415
        ],
        [
          1286,
          416
        ],
        [
          1286,
          417
        ],
        [
          1286,
          418
        ],
        [
          1286,
          419
        ],
        [
          1286,
          420
        ],
        [
          1286,
          421
        ],
        [
          1286,
          422
        ],
        [
          1286,
          423
        ],
        [
          1286,
          424
        ],
        [
          1286,
          425
        ],
        [
          1286,
          426
        ],
        [
          1286,
          427
        ],
        [
          1286,
          428
        ],
        [
          1286,
          429
        ],
        [
          1286,
          430
        ],
        [
          1286,
          431
        ],
        [
          1286,
          432
        ],
        [
          1286,
          433
        ],
        [
          1286,
          434
        ],
        [
          1286,
          435
        ],
        [
          1286,
          436
        ],
        [
          1286,
          437
        ],
        [
          1286,
          438
        ],
        [
          1286,
          439
        ],
        [
          1286,
          440
        ],
        [
          1286,
          441
        ],
        [
          1286,
          442
        ],
        [
          1286,
          443
        ],
        [
          1286,
          444
        ],
        [
          1286,
          445
        ],
        [
          1286,
          446
        ],
        [
          1286,
          447
        ],
        [
          1286,
          448
        ],
        [
          1286,
          449
        ],
        [
          1286,
          450
        ],
        [
          1286,
          451
        ],
        [
          1286,
          452
        ],
        [
          1286,
          453
        ],
        [
          1286,
          454
        ],
        [
          1286,
          455
        ],
        [
          1286,
          456
        ],
        [
          1286,
          457
        ],
        [
          1286,
          458
        ],
        [
          1286,
          459
        ],
        [
          1286,
          460
        ],
        [
          1286,
          461
        ],
        [
          1286,
          462
        ],
        [
          1286,
          463
        ],
        [
          1286,
          464
        ],
        [
          1286,
          465
        ],
        [
          1286,
          466
        ],
        [
          1286,
          467
        ],
        [
          1286,
          468
        ],
        [
          1286,
          469
        ],
        [
          1286,
          470
        ],
        [
          1286,
          471
        ],
        [
          1286,
          472
        ],
        [
          1286,
          473
        ],
        [
          1286,
          474
        ],
        [
          1286,
          475
        ],
        [
          1286,
          476
        ],
        [
          1286,
          477
        ],
        [
          1286,
          478
        ],
        [
          1286,
          479
        ],
        [
          1286,
          480
        ],
        [
          1286,
          481
        ],
        [
          1286,
          482
        ],
        [
          1286,
          483
        ],
        [
          1286,
          484
        ],
        [
          1286,
          485
        ],
        [
          1286,
          486
        ],
        [
          1286,
          487
        ],
        [
          1286,
          488
        ],
        [
          1286,
          489
        ],
        [
          1286,
          490
        ],
        [
          1286,
          491
        ],
        [
          1286,
          492
        ],
        [
          1286,
          493
        ],
        [
          1286,
          494
        ],
        [
          1286,
          495
        ],
        [
          1286,
          496
        ],
        [
          1286,
          497
        ],
        [
          1286,
          498
        ],
        [
          1286,
          499
        ],
        [
          1286,
          500
        ],
        [
          1286,
          501
        ],
        [
          1286,
          502
        ],
        [
          1286,
          503
        ],
        [
          1286,
          504
        ],
        [
          1286,
          505
        ],
        [
          1286,
          506
        ],
        [
          1286,
          507
        ],
        [
          1286,
          508
        ],
        [
          1286,
          509
        ],
        [
          1286,
          510
        ],
        [
          1286,
          511
        ],
        [
          1286,
          512
        ],
        [
          1286,
          513
        ],
        [
          1286,
          514
        ],
        [
          1286,
          515
        ],
        [
          1286,
          516
        ],
        [
          1286,
          517
        ],
        [
          1286,
          518
        ],
        [
          1286,
          519
        ],
        [
          1286,
          520
        ],
        [
          1286,
          521
        ],
        [
          1286,
          522
        ],
        [
          1286,
          523
        ],
        [
          1286,
          524
        ],
        [
          1286,
          525
        ],
        [
          1286,
          526
        ],
        [
          1286,
          527
        ],
        [
          1286,
          528
        ],
        [
          1286,
          529
        ],
        [
          1286,
          530
        ],
        [
          1286,
          531
        ],
        [
          1286,
          532
        ],
        [
          1286,
          533
        ],
        [
          1287,
          533
        ],
        [
          1287,
          534
        ],
        [
          1287,
          535
        ],
        [
          1287,
          536
        ],
        [
          1287,
          537
        ],
        [
          1287,
          538
        ],
        [
          1287,
          539
        ],
        [
          1287,
          540
        ],
        [
          1287,
          541
        ],
        [
          1287,
          542
        ],
        [
          1287,
          543
        ],
        [
          1287,
          544
        ],
        [
          1287,
          545
        ],
        [
          1287,
          546
        ],
        [
          1286,
          546
        ],
        [
          1286,
          547
        ],
        [
          1286,
          548
        ],
        [
          1286,
          549
        ],
        [
          1286,
          550
        ],
        [
          1286,
          551
        ],
        [
          1287,
          551
        ],
        [
          1287,
          552
        ],
        [
          1287,
          553
        ],
        [
          1287,
          554
        ],
        [
          1287,
          555
        ],
        [
          1286,
          555
        ],
        [
          1286,
          556
        ],
        [
          1286,
          557
        ],
        [
          1286,
          558
        ],
        [
          1286,
          559
        ],
        [
          1286,
          560
        ],
        [
          1286,
          561
        ],
        [
          1286,
          562
        ],
        [
          1286,
          563
        ],
        [
          1286,
          564
        ],
        [
          1286,
          565
        ],
        [
          1286,
          566
        ],
        [
          1286,
          567
        ],
        [
          1286,
          568
        ],
        [
          1286,
          569
        ],
        [
          1286,
          570
        ],
        [
          1286,
          571
        ],
        [
          1286,
          572
        ],
        [
          1286,
          573
        ],
        [
          1286,
          574
        ],
        [
          1286,
          575
        ],
        [
          1286,
          576
        ],
        [
          1286,
          577
        ],
        [
          1286,
          578
        ],
        [
          1286,
          579
        ],
        [
          1286,
          580
        ],
        [
          1286,
          581
        ],
        [
          1286,
          582
        ],
        [
          1286,
          583
        ],
        [
          1286,
          584
        ],
        [
          1286,
          585
        ],
        [
          1286,
          586
        ],
        [
          1286,
          587
        ],
        [
          1286,
          588
        ],
        [
          1286,
          589
        ],
        [
          1286,
          590
        ],
        [
          1286,
          591
        ],
        [
          1286,
          592
        ],
        [
          1286,
          593
        ],
        [
          1286,
          594
        ],
        [
          1286,
          595
        ],
        [
          1286,
          596
        ],
        [
          1286,
          597
        ],
        [
          1286,
          598
        ],
        [
          1286,
          599
        ],
        [
          1286,
          600
        ],
        [
          1286,
          601
        ],
        [
          1286,
          602
        ],
        [
          1286,
          603
        ],
        [
          1286,
          604
        ],
        [
          1286,
          605
        ],
        [
          1286,
          606
        ],
        [
          1286,
          607
        ],
        [
          1286,
          608
        ],
        [
          1286,
          609
        ],
        [
          1286,
          610
        ],
        [
          1286,
          611
        ],
        [
          1286,
          612
        ],
        [
          1286,
          613
        ],
        [
          1286,
          614
        ],
        [
          1286,
          615
        ],
        [
          1286,
          616
        ],
        [
          1286,
          617
        ],
        [
          1286,
          618
        ],
        [
          1286,
          619
        ],
        [
          1286,
          620
        ],
        [
          1286,
          621
        ],
        [
          1286,
          622
        ],
        [
          1286,
          623
        ],
        [
          1286,
          624
        ],
        [
          1286,
          625
        ],
        [
          1286,
          626
        ],
        [
          1286,
          627
        ],
        [
          1286,
          628
        ],
        [
          1286,
          629
        ],
        [
          1286,
          630
        ],
        [
          1286,
          631
        ],
        [
          1286,
          632
        ],
        [
          1286,
          633
        ],
        [
          1286,
          634
        ],
        [
          1286,
          635
        ],
        [
          1286,
          636
        ],
        [
          1286,
          637
        ],
        [
          1286,
          638
        ],
        [
          1286,
          639
        ],
        [
          1286,
          640
        ],
        [
          1286,
          641
        ],
        [
          1286,
          642
        ],
        [
          1286,
          643
        ],
        [
          1286,
          644
        ],
        [
          1286,
          645
        ],
        [
          1286,
          646
        ],
        [
          1286,
          647
        ],
        [
          1286,
          648
        ],
        [
          1286,
          649
        ],
        [
          1286,
          650
        ],
        [
          1286,
          651
        ],
        [
          1286,
          652
        ],
        [
          1286,
          653
        ],
        [
          1286,
          654
        ],
        [
          1286,
          655
        ],
        [
          1286,
          656
        ],
        [
          1286,
          657
        ],
        [
          1286,
          658
        ],
        [
          1286,
          659
        ],
        [
          1286,
          660
        ],
        [
          1286,
          661
        ],
        [
          1286,
          662
        ],
        [
          1286,
          663
        ],
        [
          1286,
          664
        ],
        [
          1286,
          665
        ],
        [
          1286,
          666
        ],
        [
          1286,
          667
        ],
        [
          1286,
          668
        ],
        [
          1286,
          669
        ],
        [
          1286,
          670
        ],
        [
          1286,
          671
        ],
        [
          1286,
          672
        ],
        [
          1286,
          673
        ],
        [
          1286,
          674
        ],
        [
          1286,
          675
        ],
        [
          1286,
          676
        ],
        [
          1286,
          677
        ],
        [
          1286,
          678
        ],
        [
          1286,
          679
        ],
        [
          1286,
          680
        ],
        [
          1286,
          681
        ],
        [
          1286,
          682
        ],
        [
          1286,
          683
        ],
        [
          1286,
          684
        ],
        [
          1286,
          685
        ],
        [
          1286,
          686
        ],
        [
          1286,
          687
        ],
        [
          1286,
          688
        ],
        [
          1286,
          689
        ],
        [
          1286,
          690
        ],
        [
          1286,
          691
        ],
        [
          1286,
          692
        ],
        [
          1286,
          693
        ],
        [
          1286,
          694
        ],
        [
          1286,
          695
        ],
        [
          1286,
          696
        ],
        [
          1286,
          697
        ],
        [
          1286,
          698
        ],
        [
          1286,
          699
        ],
        [
          1286,
          700
        ],
        [
          1286,
          701
        ],
        [
          1286,
          702
        ],
        [
          1286,
          703
        ],
        [
          1286,
          704
        ],
        [
          1286,
          705
        ],
        [
          1286,
          706
        ],
        [
          1286,
          707
        ],
        [
          1286,
          708
        ],
        [
          1286,
          709
        ],
        [
          1286,
          710
        ],
        [
          1286,
          711
        ],
        [
          1286,
          712
        ],
        [
          1286,
          713
        ],
        [
          1286,
          714
        ],
        [
          1286,
          715
        ],
        [
          1286,
          716
        ],
        [
          1286,
          717
        ],
        [
          1286,
          718
        ],
        [
          1286,
          719
        ],
        [
          1286,
          720
        ],
        [
          1286,
          721
        ],
        [
          1286,
          722
        ],
        [
          1286,
          723
        ],
        [
          1286,
          724
        ],
        [
          1286,
          725
        ],
        [
          1286,
          726
        ],
        [
          1286,
          727
        ],
        [
          1286,
          728
        ],
        [
          1286,
          729
        ],
        [
          1286,
          730
        ],
        [
          1286,
          731
        ],
        [
          1286,
          732
        ],
        [
          1286,
          733
        ],
        [
          1286,
          734
        ],
        [
          1286,
          735
        ],
        [
          1286,
          736
        ],
        [
          1286,
          737
        ],
        [
          1286,
          738
        ],
        [
          1286,
          739
        ],
        [
          1286,
          740
        ],
        [
          1286,
          741
        ],
        [
          1286,
          742
        ],
        [
          1286,
          743
        ],
        [
          1286,
          744
        ],
        [
          1286,
          745
        ],
        [
          1286,
          746
        ],
        [
          1286,
          747
        ],
        [
          1286,
          748
        ],
        [
          1286,
          749
        ],
        [
          1286,
          750
        ],
        [
          1286,
          751
        ],
        [
          1286,
          752
        ],
        [
          1286,
          753
        ],
        [
          1286,
          754
        ],
        [
          1286,
          755
        ],
        [
          1286,
          756
        ],
        [
          1286,
          757
        ],
        [
          1286,
          758
        ],
        [
          1286,
          759
        ],
        [
          1286,
          760
        ],
        [
          1286,
          761
        ],
        [
          1286,
          762
        ],
        [
          1286,
          763
        ],
        [
          1286,
          764
        ],
        [
          1286,
          765
        ],
        [
          1286,
          766
        ],
        [
          1286,
          767
        ],
        [
          1286,
          768
        ],
        [
          1286,
          769
        ],
        [
          1286,
          770
        ],
        [
          1286,
          771
        ],
        [
          1286,
          772
        ],
        [
          1286,
          773
        ],
        [
          1286,
          774
        ],
        [
          1286,
          775
        ],
        [
          1286,
          776
        ],
        [
          1286,
          777
        ],
        [
          1286,
          778
        ],
        [
          1286,
          779
        ],
        [
          1286,
          780
        ],
        [
          1286,
          781
        ],
        [
          1286,
          782
        ],
        [
          1286,
          783
        ],
        [
          1286,
          784
        ],
        [
          1286,
          785
        ],
        [
          1286,
          786
        ],
        [
          1287,
          786
        ],
        [
          1287,
          787
        ],
        [
          1287,
          788
        ],
        [
          1287,
          789
        ],
        [
          1287,
          790
        ],
        [
          1287,
          791
        ],
        [
          1288,
          791
        ],
        [
          1288,
          792
        ],
        [
          1288,
          793
        ],
        [
          1289,
          793
        ],
        [
          1290,
          793
        ],
        [
          1291,
          793
        ],
        [
          1292,
          793
        ],
        [
          1293,
          793
        ],
        [
          1294,
          793
        ],
        [
          1295,
          793
        ],
        [
          1296,
          793
        ],
        [
          1297,
          793
        ],
        [
          1298,
          793
        ],
        [
          1299,
          793
        ],
        [
          1300,
          793
        ],
        [
          1301,
          793
        ],
        [
          1302,
          793
        ],
        [
          1303,
          793
        ],
        [
          1303,
          794
        ],
        [
          1304,
          794
        ],
        [
          1305,
          794
        ],
        [
          1305,
          795
        ],
        [
          1306,
          795
        ],
        [
          1307,
          795
        ],
        [
          1308,
          795
        ],
        [
          1309,
          795
        ],
        [
          1309,
          794
        ],
        [
          1310,
          794
        ],
        [
          1311,
          794
        ],
        [
          1312,
          794
        ],
        [
          1312,
          793
        ],
        [
          1313,
          793
        ],
        [
          1314,
          793
        ],
        [
          1315,
          793
        ],
        [
          1316,
          793
        ],
        [
          1317,
          793
        ],
        [
          1318,
          793
        ],
        [
          1319,
          793
        ],
        [
          1320,
          793
        ],
        [
          1321,
          793
        ],
        [
          1322,
          793
        ],
        [
          1323,
          793
        ],
        [
          1324,
          793
        ],
        [
          1325,
          793
        ],
        [
          1326,
          793
        ],
        [
          1327,
          793
        ],
        [
          1328,
          793
        ],
        [
          1329,
          793
        ],
        [
          1330,
          793
        ],
        [
          1331,
          793
        ],
        [
          1332,
          793
        ],
        [
          1333,
          793
        ],
        [
          1334,
          793
        ],
        [
          1335,
          793
        ],
        [
          1336,
          793
        ],
        [
          1337,
          793
        ],
        [
          1338,
          793
        ],
        [
          1339,
          793
        ],
        [
          1340,
          793
        ],
        [
          1341,
          793
        ],
        [
          1342,
          793
        ],
        [
          1343,
          793
        ],
        [
          1344,
          793
        ],
        [
          1345,
          793
        ],
        [
          1346,
          793
        ],
        [
          1347,
          793
        ],
        [
          1348,
          793
        ],
        [
          1349,
          793
        ],
        [
          1350,
          793
        ],
        [
          1351,
          793
        ],
        [
          1352,
          793
        ],
        [
          1353,
          793
        ],
        [
          1354,
          793
        ],
        [
          1355,
          793
        ],
        [
          1356,
          793
        ],
        [
          1357,
          793
        ],
        [
          1358,
          793
        ],
        [
          1359,
          793
        ],
        [
          1360,
          793
        ],
        [
          1361,
          793
        ],
        [
          1362,
          793
        ],
        [
          1363,
          793
        ],
        [
          1364,
          793
        ],
        [
          1365,
          793
        ],
        [
          1366,
          793
        ],
        [
          1367,
          793
        ],
        [
          1368,
          793
        ],
        [
          1369,
          793
        ],
        [
          1370,
          793
        ],
        [
          1371,
          793
        ],
        [
          1372,
          793
        ],
        [
          1373,
          793
        ],
        [
          1374,
          793
        ],
        [
          1375,
          793
        ],
        [
          1376,
          793
        ],
        [
          1377,
          793
        ],
        [
          1378,
          793
        ],
        [
          1379,
          793
        ],
        [
          1380,
          793
        ],
        [
          1381,
          793
        ],
        [
          1382,
          793
        ],
        [
          1383,
          793
        ],
        [
          1384,
          793
        ],
        [
          1385,
          793
        ],
        [
          1386,
          793
        ],
        [
          1387,
          793
        ],
        [
          1388,
          793
        ],
        [
          1389,
          793
        ],
        [
          1390,
          793
        ],
        [
          1391,
          793
        ],
        [
          1392,
          793
        ],
        [
          1393,
          793
        ],
        [
          1394,
          793
        ],
        [
          1395,
          793
        ],
        [
          1396,
          793
        ],
        [
          1397,
          793
        ],
        [
          1398,
          793
        ],
        [
          1399,
          793
        ],
        [
          1400,
          793
        ],
        [
          1401,
          793
        ],
        [
          1402,
          793
        ],
        [
          1403,
          793
        ],
        [
          1404,
          793
        ],
        [
          1405,
          793
        ],
        [
          1406,
          793
        ],
        [
          1407,
          793
        ],
        [
          1408,
          793
        ],
        [
          1409,
          793
        ],
        [
          1410,
          793
        ],
        [
          1411,
          793
        ],
        [
          1412,
          793
        ],
        [
          1413,
          793
        ],
        [
          1414,
          793
        ],
        [
          1415,
          793
        ],
        [
          1416,
          793
        ],
        [
          1417,
          793
        ],
        [
          1418,
          793
        ],
        [
          1419,
          793
        ],
        [
          1420,
          793
        ],
        [
          1421,
          793
        ],
        [
          1422,
          793
        ],
        [
          1423,
          793
        ],
        [
          1424,
          793
        ],
        [
          1425,
          793
        ],
        [
          1426,
          793
        ],
        [
          1427,
          793
        ],
        [
          1428,
          793
        ],
        [
          1429,
          793
        ],
        [
          1430,
          793
        ],
        [
          1431,
          793
        ],
        [
          1432,
          793
        ],
        [
          1433,
          793
        ],
        [
          1434,
          793
        ],
        [
          1435,
          793
        ],
        [
          1436,
          793
        ],
        [
          1437,
          793
        ],
        [
          1438,
          793
        ],
        [
          1439,
          793
        ],
        [
          1440,
          793
        ],
        [
          1441,
          793
        ],
        [
          1442,
          793
        ],
        [
          1443,
          793
        ],
        [
          1444,
          793
        ],
        [
          1445,
          793
        ],
        [
          1446,
          793
        ],
        [
          1447,
          793
        ],
        [
          1448,
          793
        ],
        [
          1449,
          793
        ],
        [
          1450,
          793
        ],
        [
          1451,
          793
        ],
        [
          1452,
          793
        ],
        [
          1453,
          793
        ],
        [
          1454,
          793
        ],
        [
          1455,
          793
        ],
        [
          1456,
          793
        ],
        [
          1457,
          793
        ],
        [
          1458,
          793
        ],
        [
          1459,
          793
        ],
        [
          1460,
          793
        ],
        [
          1461,
          793
        ],
        [
          1462,
          793
        ],
        [
          1463,
          793
        ],
        [
          1464,
          793
        ],
        [
          1465,
          793
        ],
        [
          1466,
          793
        ],
        [
          1467,
          793
        ],
        [
          1468,
          793
        ],
        [
          1469,
          793
        ],
        [
          1470,
          793
        ],
        [
          1471,
          793
        ],
        [
          1472,
          793
        ],
        [
          1473,
          793
        ],
        [
          1474,
          793
        ],
        [
          1475,
          793
        ],
        [
          1476,
          793
        ],
        [
          1477,
          793
        ],
        [
          1478,
          793
        ],
        [
          1479,
          793
        ],
        [
          1480,
          793
        ],
        [
          1481,
          793
        ],
        [
          1482,
          793
        ],
        [
          1483,
          793
        ],
        [
          1484,
          793
        ],
        [
          1485,
          793
        ],
        [
          1486,
          793
        ],
        [
          1487,
          793
        ],
        [
          1488,
          793
        ],
        [
          1489,
          793
        ],
        [
          1490,
          793
        ],
        [
          1491,
          793
        ],
        [
          1492,
          793
        ],
        [
          1493,
          793
        ],
        [
          1494,
          793
        ],
        [
          1495,
          793
        ],
        [
          1496,
          793
        ],
        [
          1497,
          793
        ],
        [
          1498,
          793
        ],
        [
          1499,
          793
        ],
        [
          1500,
          793
        ],
        [
          1501,
          793
        ],
        [
          1502,
          793
        ],
        [
          1503,
          793
        ],
        [
          1504,
          793
        ],
        [
          1505,
          793
        ],
        [
          1506,
          793
        ],
        [
          1507,
          793
        ],
        [
          1508,
          793
        ],
        [
          1509,
          793
        ],
        [
          1510,
          793
        ],
        [
          1511,
          793
        ],
        [
          1512,
          793
        ],
        [
          1513,
          793
        ],
        [
          1514,
          793
        ],
        [
          1515,
          793
        ],
        [
          1516,
          793
        ],
        [
          1517,
          793
        ],
        [
          1518,
          793
        ],
        [
          1519,
          793
        ],
        [
          1520,
          793
        ],
        [
          1521,
          793
        ],
        [
          1522,
          793
        ],
        [
          1523,
          793
        ],
        [
          1524,
          793
        ],
        [
          1525,
          793
        ],
        [
          1526,
          793
        ],
        [
          1527,
          793
        ],
        [
          1528,
          793
        ],
        [
          1529,
          793
        ],
        [
          1530,
          793
        ],
        [
          1531,
          793
        ],
        [
          1532,
          793
        ],
        [
          1533,
          793
        ],
        [
          1534,
          793
        ],
        [
          1535,
          793
        ],
        [
          1536,
          793
        ],
        [
          1537,
          793
        ],
        [
          1538,
          793
        ],
        [
          1539,
          793
        ],
        [
          1540,
          793
        ],
        [
          1541,
          793
        ],
        [
          1542,
          793
        ],
        [
          1543,
          793
        ],
        [
          1544,
          793
        ],
        [
          1545,
          793
        ],
        [
          1546,
          793
        ],
        [
          1547,
          793
        ],
        [
          1548,
          793
        ],
        [
          1548,
          794
        ],
        [
          1549,
          794
        ],
        [
          1550,
          794
        ],
        [
          1551,
          794
        ],
        [
          1552,
          794
        ],
        [
          1553,
          794
        ],
        [
          1554,
          794
        ],
        [
          1555,
          794
        ],
        [
          1555,
          793
        ],
        [
          1556,
          793
        ],
        [
          1557,
          793
        ],
        [
          1558,
          793
        ],
        [
          1559,
          793
        ],
        [
          1560,
          793
        ],
        [
          1561,
          793
        ],
        [
          1562,
          793
        ],
        [
          1563,
          793
        ],
        [
          1564,
          793
        ],
        [
          1565,
          793
        ],
        [
          1566,
          793
        ],
        [
          1567,
          793
        ],
        [
          1568,
          793
        ],
        [
          1568,
          792
        ],
        [
          1569,
          792
        ],
        [
          1570,
          792
        ],
        [
          1570,
          791
        ],
        [
          1570,
          790
        ],
        [
          1570,
          789
        ],
        [
          1570,
          788
        ],
        [
          1570,
          787
        ],
        [
          1571,
          787
        ],
        [
          1571,
          786
        ],
        [
          1571,
          785
        ],
        [
          1571,
          784
        ],
        [
          1571,
          783
        ],
        [
          1571,
          782
        ],
        [
          1571,
          781
        ],
        [
          1571,
          780
        ],
        [
          1571,
          779
        ],
        [
          1571,
          778
        ],
        [
          1571,
          777
        ],
        [
          1571,
          776
        ],
        [
          1571,
          775
        ],
        [
          1571,
          774
        ],
        [
          1571,
          773
        ],
        [
          1571,
          772
        ],
        [
          1571,
          771
        ],
        [
          1571,
          770
        ],
        [
          1571,
          769
        ],
        [
          1570,
          769
        ],
        [
          1570,
          768
        ],
        [
          1570,
          767
        ],
        [
          1570,
          766
        ],
        [
          1570,
          765
        ],
        [
          1570,
          764
        ],
        [
          1570,
          763
        ],
        [
          1570,
          762
        ],
        [
          1570,
          761
        ],
        [
          1570,
          760
        ],
        [
          1570,
          759
        ],
        [
          1570,
          758
        ],
        [
          1570,
          757
        ],
        [
          1570,
          756
        ],
        [
          1570,
          755
        ],
        [
          1570,
          754
        ],
        [
          1570,
          753
        ],
        [
          1570,
          752
        ],
        [
          1570,
          751
        ],
        [
          1570,
          750
        ],
        [
          1570,
          749
        ],
        [
          1570,
          748
        ],
        [
          1570,
          747
        ],
        [
          1570,
          746
        ],
        [
          1570,
          745
        ],
        [
          1570,
          744
        ],
        [
          1570,
          743
        ],
        [
          1570,
          742
        ],
        [
          1570,
          741
        ],
        [
          1570,
          740
        ],
        [
          1570,
          739
        ],
        [
          1570,
          738
        ],
        [
          1570,
          737
        ],
        [
          1570,
          736
        ],
        [
          1570,
          735
        ],
        [
          1570,
          734
        ],
        [
          1570,
          733
        ],
        [
          1570,
          732
        ],
        [
          1570,
          731
        ],
        [
          1570,
          730
        ],
        [
          1570,
          729
        ],
        [
          1571,
          729
        ],
        [
          1571,
          728
        ],
        [
          1571,
          727
        ],
        [
          1571,
          726
        ],
        [
          1571,
          725
        ],
        [
          1570,
          725
        ],
        [
          1570,
          724
        ],
        [
          1570,
          723
        ],
        [
          1570,
          722
        ],
        [
          1570,
          721
        ],
        [
          1570,
          720
        ],
        [
          1570,
          719
        ],
        [
          1570,
          718
        ],
        [
          1570,
          717
        ],
        [
          1570,
          716
        ],
        [
          1570,
          715
        ],
        [
          1570,
          714
        ],
        [
          1570,
          713
        ],
        [
          1570,
          712
        ],
        [
          1570,
          711
        ],
        [
          1570,
          710
        ],
        [
          1570,
          709
        ],
        [
          1570,
          708
        ],
        [
          1570,
          707
        ],
        [
          1570,
          706
        ],
        [
          1570,
          705
        ],
        [
          1570,
          704
        ],
        [
          1570,
          703
        ],
        [
          1570,
          702
        ],
        [
          1570,
          701
        ],
        [
          1570,
          700
        ],
        [
          1570,
          699
        ],
        [
          1570,
          698
        ],
        [
          1570,
          697
        ],
        [
          1570,
          696
        ],
        [
          1570,
          695
        ],
        [
          1570,
          694
        ],
        [
          1570,
          693
        ],
        [
          1570,
          692
        ],
        [
          1570,
          691
        ],
        [
          1570,
          690
        ],
        [
          1570,
          689
        ],
        [
          1570,
          688
        ],
        [
          1570,
          687
        ],
        [
          1570,
          686
        ],
        [
          1570,
          685
        ],
        [
          1570,
          684
        ],
        [
          1571,
          684
        ],
        [
          1571,
          683
        ],
        [
          1571,
          682
        ],
        [
          1570,
          682
        ],
        [
          1570,
          681
        ],
        [
          1570,
          680
        ],
        [
          1570,
          679
        ],
        [
          1570,
          678
        ],
        [
          1571,
          678
        ],
        [
          1571,
          677
        ],
        [
          1571,
          676
        ],
        [
          1571,
          675
        ],
        [
          1571,
          674
        ],
        [
          1571,
          673
        ],
        [
          1571,
          672
        ],
        [
          1571,
          671
        ],
        [
          1571,
          670
        ],
        [
          1571,
          669
        ],
        [
          1571,
          668
        ],
        [
          1571,
          667
        ],
        [
          1571,
          666
        ],
        [
          1571,
          665
        ],
        [
          1571,
          664
        ],
        [
          1571,
          663
        ],
        [
          1571,
          662
        ],
        [
          1571,
          661
        ],
        [
          1571,
          660
        ],
        [
          1571,
          659
        ],
        [
          1571,
          658
        ],
        [
          1571,
          657
        ],
        [
          1570,
          657
        ],
        [
          1570,
          656
        ],
        [
          1570,
          655
        ],
        [
          1571,
          655
        ],
        [
          1571,
          654
        ],
        [
          1571,
          653
        ],
        [
          1571,
          652
        ],
        [
          1570,
          652
        ],
        [
          1570,
          651
        ],
        [
          1570,
          650
        ],
        [
          1570,
          649
        ],
        [
          1570,
          648
        ],
        [
          1570,
          647
        ],
        [
          1570,
          646
        ],
        [
          1570,
          645
        ],
        [
          1570,
          644
        ],
        [
          1570,
          643
        ],
        [
          1571,
          643
        ],
        [
          1571,
          642
        ],
        [
          1571,
          641
        ],
        [
          1571,
          640
        ],
        [
          1571,
          639
        ],
        [
          1571,
          638
        ],
        [
          1571,
          637
        ],
        [
          1571,
          636
        ],
        [
          1571,
          635
        ],
        [
          1571,
          634
        ],
        [
          1571,
          633
        ],
        [
          1571,
          632
        ],
        [
          1571,
          631
        ],
        [
          1570,
          631
        ],
        [
          1570,
          630
        ],
        [
          1570,
          629
        ],
        [
          1570,
          628
        ],
        [
          1570,
          627
        ],
        [
          1570,
          626
        ],
        [
          1570,
          625
        ],
        [
          1570,
          624
        ],
        [
          1571,
          624
        ],
        [
          1571,
          623
        ],
        [
          1571,
          622
        ],
        [
          1571,
          621
        ],
        [
          1571,
          620
        ],
        [
          1570,
          620
        ],
        [
          1570,
          619
        ],
        [
          1570,
          618
        ],
        [
          1570,
          617
        ],
        [
          1570,
          616
        ],
        [
          1570,
          615
        ],
        [
          1570,
          614
        ],
        [
          1570,
          613
        ],
        [
          1570,
          612
        ],
        [
          1570,
          611
        ],
        [
          1570,
          610
        ],
        [
          1570,
          609
        ],
        [
          1571,
          609
        ],
        [
          1571,
          608
        ],
        [
          1571,
          607
        ],
        [
          1571,
          606
        ],
        [
          1571,
          605
        ],
        [
          1571,
          604
        ],
        [
          1571,
          603
        ],
        [
          1571,
          602
        ],
        [
          1571,
          601
        ],
        [
          1571,
          600
        ],
        [
          1571,
          599
        ],
        [
          1571,
          598
        ],
        [
          1571,
          597
        ],
        [
          1571,
          596
        ],
        [
          1571,
          595
        ],
        [
          1571,
          594
        ],
        [
          1571,
          593
        ],
        [
          1571,
          592
        ],
        [
          1571,
          591
        ],
        [
          1571,
          590
        ],
        [
          1571,
          589
        ],
        [
          1571,
          588
        ],
        [
          1571,
          587
        ],
        [
          1571,
          586
        ],
        [
          1571,
          585
        ],
        [
          1571,
          584
        ],
        [
          1571,
          583
        ],
        [
          1571,
          582
        ],
        [
          1571,
          581
        ],
        [
          1571,
          580
        ],
        [
          1571,
          579
        ],
        [
          1571,
          578
        ],
        [
          1571,
          577
        ],
        [
          1571,
          576
        ],
        [
          1571,
          575
        ],
        [
          1571,
          574
        ],
        [
          1571,
          573
        ],
        [
          1571,
          572
        ],
        [
          1571,
          571
        ],
        [
          1571,
          570
        ],
        [
          1571,
          569
        ],
        [
          1571,
          568
        ],
        [
          1571,
          567
        ],
        [
          1571,
          566
        ],
        [
          1571,
          565
        ],
        [
          1571,
          564
        ],
        [
          1571,
          563
        ],
        [
          1571,
          562
        ],
        [
          1571,
          561
        ],
        [
          1571,
          560
        ],
        [
          1571,
          559
        ],
        [
          1571,
          558
        ],
        [
          1571,
          557
        ],
        [
          1571,
          556
        ],
        [
          1571,
          555
        ],
        [
          1571,
          554
        ],
        [
          1571,
          553
        ],
        [
          1571,
          552
        ],
        [
          1571,
          551
        ],
        [
          1571,
          550
        ],
        [
          1571,
          549
        ],
        [
          1571,
          548
        ],
        [
          1571,
          547
        ],
        [
          1571,
          546
        ],
        [
          1571,
          545
        ],
        [
          1571,
          544
        ],
        [
          1570,
          544
        ],
        [
          1570,
          543
        ],
        [
          1570,
          542
        ],
        [
          1570,
          541
        ],
        [
          1571,
          541
        ],
        [
          1571,
          540
        ],
        [
          1571,
          539
        ],
        [
          1571,
          538
        ],
        [
          1571,
          537
        ],
        [
          1570,
          537
        ],
        [
          1570,
          536
        ],
        [
          1570,
          535
        ],
        [
          1570,
          534
        ],
        [
          1570,
          533
        ],
        [
          1570,
          532
        ],
        [
          1570,
          531
        ],
        [
          1570,
          530
        ],
        [
          1570,
          529
        ],
        [
          1570,
          528
        ],
        [
          1570,
          527
        ],
        [
          1570,
          526
        ],
        [
          1570,
          525
        ],
        [
          1570,
          524
        ],
        [
          1570,
          523
        ],
        [
          1570,
          522
        ],
        [
          1570,
          521
        ],
        [
          1571,
          521
        ],
        [
          1571,
          520
        ],
        [
          1571,
          519
        ],
        [
          1571,
          518
        ],
        [
          1571,
          517
        ],
        [
          1571,
          516
        ],
        [
          1571,
          515
        ],
        [
          1571,
          514
        ],
        [
          1571,
          513
        ],
        [
          1571,
          512
        ],
        [
          1571,
          511
        ],
        [
          1571,
          510
        ],
        [
          1570,
          510
        ],
        [
          1570,
          509
        ],
        [
          1570,
          508
        ],
        [
          1571,
          508
        ],
        [
          1571,
          507
        ],
        [
          1571,
          506
        ],
        [
          1571,
          505
        ],
        [
          1571,
          504
        ],
        [
          1571,
          503
        ],
        [
          1571,
          502
        ],
        [
          1571,
          501
        ],
        [
          1571,
          500
        ],
        [
          1571,
          499
        ],
        [
          1571,
          498
        ],
        [
          1571,
          497
        ],
        [
          1571,
          496
        ],
        [
          1571,
          495
        ],
        [
          1571,
          494
        ],
        [
          1571,
          493
        ],
        [
          1571,
          492
        ],
        [
          1571,
          491
        ],
        [
          1571,
          490
        ],
        [
          1571,
          489
        ],
        [
          1571,
          488
        ],
        [
          1571,
          487
        ],
        [
          1571,
          486
        ],
        [
          1571,
          485
        ],
        [
          1571,
          484
        ],
        [
          1571,
          483
        ],
        [
          1571,
          482
        ],
        [
          1571,
          481
        ],
        [
          1571,
          480
        ],
        [
          1571,
          479
        ],
        [
          1571,
          478
        ],
        [
          1571,
          477
        ],
        [
          1571,
          476
        ],
        [
          1571,
          475
        ],
        [
          1571,
          474
        ],
        [
          1571,
          473
        ],
        [
          1571,
          472
        ],
        [
          1571,
          471
        ],
        [
          1571,
          470
        ],
        [
          1571,
          469
        ],
        [
          1571,
          468
        ],
        [
          1571,
          467
        ],
        [
          1571,
          466
        ],
        [
          1571,
          465
        ],
        [
          1571,
          464
        ],
        [
          1571,
          463
        ],
        [
          1571,
          462
        ],
        [
          1571,
          461
        ],
        [
          1571,
          460
        ],
        [
          1571,
          459
        ],
        [
          1571,
          458
        ],
        [
          1571,
          457
        ],
        [
          1571,
          456
        ],
        [
          1571,
          455
        ],
        [
          1571,
          454
        ],
        [
          1571,
          453
        ],
        [
          1571,
          452
        ],
        [
          1571,
          451
        ],
        [
          1570,
          451
        ],
        [
          1570,
          450
        ],
        [
          1571,
          450
        ],
        [
          1571,
          449
        ],
        [
          1571,
          448
        ],
        [
          1570,
          448
        ],
        [
          1570,
          447
        ],
        [
          1570,
          446
        ],
        [
          1570,
          445
        ],
        [
          1570,
          444
        ],
        [
          1570,
          443
        ],
        [
          1570,
          442
        ],
        [
          1570,
          441
        ],
        [
          1570,
          440
        ],
        [
          1571,
          440
        ],
        [
          1571,
          439
        ],
        [
          1571,
          438
        ],
        [
          1571,
          437
        ],
        [
          1571,
          436
        ],
        [
          1571,
          435
        ],
        [
          1571,
          434
        ],
        [
          1570,
          434
        ],
        [
          1570,
          433
        ],
        [
          1570,
          432
        ],
        [
          1570,
          431
        ],
        [
          1570,
          430
        ],
        [
          1570,
          429
        ],
        [
          1570,
          428
        ],
        [
          1570,
          427
        ],
        [
          1570,
          426
        ],
        [
          1570,
          425
        ],
        [
          1570,
          424
        ],
        [
          1570,
          423
        ],
        [
          1570,
          422
        ],
        [
          1570,
          421
        ],
        [
          1570,
          420
        ],
        [
          1570,
          419
        ],
        [
          1570,
          418
        ],
        [
          1570,
          417
        ],
        [
          1570,
          416
        ],
        [
          1570,
          415
        ],
        [
          1570,
          414
        ],
        [
          1570,
          413
        ],
        [
          1570,
          412
        ],
        [
          1570,
          411
        ],
        [
          1570,
          410
        ],
        [
          1570,
          409
        ],
        [
          1570,
          408
        ],
        [
          1570,
          407
        ],
        [
          1569,
          407
        ],
        [
          1569,
          406
        ],
        [
          1569,
          405
        ],
        [
          1569,
          404
        ],
        [
          1569,
          403
        ],
        [
          1569,
          402
        ],
        [
          1569,
          401
        ],
        [
          1569,
          400
        ],
        [
          1569,
          399
        ],
        [
          1569,
          398
        ],
        [
          1569,
          397
        ],
        [
          1569,
          396
        ],
        [
          1569,
          395
        ],
        [
          1568,
          395
        ],
        [
          1568,
          394
        ],
        [
          1568,
          393
        ],
        [
          1568,
          392
        ],
        [
          1568,
          391
        ],
        [
          1568,
          390
        ],
        [
          1568,
          389
        ],
        [
          1567,
          389
        ],
        [
          1567,
          388
        ],
        [
          1567,
          387
        ],
        [
          1567,
          386
        ],
        [
          1567,
          385
        ],
        [
          1567,
          384
        ],
        [
          1566,
          384
        ],
        [
          1566,
          383
        ],
        [
          1566,
          382
        ],
        [
          1566,
          381
        ],
        [
          1566,
          380
        ],
        [
          1565,
          380
        ],
        [
          1565,
          379
        ],
        [
          1565,
          378
        ],
        [
          1565,
          377
        ],
        [
          1564,
          377
        ],
        [
          1564,
          376
        ],
        [
          1564,
          375
        ],
        [
          1564,
          374
        ],
        [
          1563,
          374
        ],
        [
          1563,
          373
        ],
        [
          1563,
          372
        ],
        [
          1563,
          371
        ],
        [
          1563,
          370
        ],
        [
          1562,
          370
        ],
        [
          1562,
          369
        ],
        [
          1562,
          368
        ],
        [
          1561,
          368
        ],
        [
          1561,
          367
        ],
        [
          1561,
          366
        ],
        [
          1561,
          365
        ],
        [
          1560,
          365
        ],
        [
          1560,
          364
        ],
        [
          1560,
          363
        ],
        [
          1559,
          363
        ],
        [
          1559,
          362
        ],
        [
          1559,
          361
        ],
        [
          1558,
          361
        ],
        [
          1558,
          360
        ],
        [
          1558,
          359
        ],
        [
          1558,
          358
        ],
        [
          1557,
          358
        ],
        [
          1557,
          357
        ],
        [
          1557,
          356
        ],
        [
          1556,
          356
        ]
      ]
    }
  ]
}