{
  "bauli": [
    {
      "id": "common",
      "rarit\u00e0": "Comune",
      "loot": [
        { "loot": "monete", "peso": 60, "quantit\u00e0": "5-12" },
        { "loot": "cibo", "peso": 25, "quantit\u00e0": "2-4" },
        { "loot": null, "peso": 15 }
      ]
    },
    {
      "id": "rare",
      "rarit\u00e0": "Raro",
      "loot": [
        { "loot": "armatura", "peso": 30, "quantit\u00e0": "1" },
        { "loot": "monete", "peso": 50, "quantit\u00e0": "10-20" },
        { "loot": "proiettili", "peso": 20, "quantit\u00e0": "4-8" }
      ]
    },
    {
      "id": "epic",
      "rarit\u00e0": "Epico",
      "loot": [
        { "loot": "granate", "peso": 25, "quantit\u00e0": "1-3" },
        { "loot": "speciale", "peso": 25, "quantit\u00e0": "1" },
        { "loot": "monete", "peso": 50, "quantit\u00e0": "20-40" }
      ]
    }
  ]
}
