{
  "loottables": [
    {
      "porta": "\u26aa Bianca",
      "ricompense": [
        { "loot": "monete", "peso": 40, "quantit\u00e0": "4-8" },
        { "loot": "cibo", "peso": 35, "quantit\u00e0": "1-3" },
        { "loot": null, "peso": 25 }
      ]
    },
    {
      "porta": "\u26ab Nera",
      "ricompense": [
        { "loot": "monete", "peso": 30, "quantit\u00e0": "6-12" },
        { "loot": "armatura", "peso": 20, "quantit\u00e0": "1" },
        { "loot": "proiettili", "peso": 50, "quantit\u00e0": "4-8" }
      ]
    },
    {
      "porta": "\ud83d\udd34 Rossa",
      "ricompense": [
        { "loot": "granate", "peso": 25, "quantit\u00e0": "1-2" },
        { "loot": "monete", "peso": 45, "quantit\u00e0": "8-16" },
        { "loot": "cibo", "peso": 30, "quantit\u00e0": "2-4" }
      ]
    },
    {
      "porta": "\ud83d\udfe0 Arancione",
      "ricompense": [
        { "loot": "cibo", "peso": 45, "quantit\u00e0": "2-5" },
        { "loot": "monete", "peso": 35, "quantit\u00e0": "4-10" },
        { "loot": "granata", "peso": 20, "quantit\u00e0": "1" }
      ]
    },
    {
      "porta": "\ud83d\udfe1 Gialla",
      "ricompense": [
        { "loot": "monete", "peso": 55, "quantit\u00e0": "6-14" },
        { "loot": "proiettili", "peso": 25, "quantit\u00e0": "6-10" },
        { "loot": null, "peso": 20 }
      ]
    },
    {
      "porta": "\ud83d\udc9c Rosa/Viola",
      "ricompense": [
        { "loot": "monete", "peso": 35, "quantit\u00e0": "4-10" },
        { "loot": "frecce", "peso": 35, "quantit\u00e0": "4-8" },
        { "loot": "speciale", "peso": 30, "quantit\u00e0": "1" }
      ]
    },
    {
      "porta": "\ud83d\udd35 Blu",
      "ricompense": [
        { "loot": "proiettili", "peso": 45, "quantit\u00e0": "6-12" },
        { "loot": "monete", "peso": 30, "quantit\u00e0": "6-12" },
        { "loot": "granata", "peso": 25, "quantit\u00e0": "1" }
      ]
    },
    {
      "porta": "\ud83d\udfe6 Azzurra",
      "ricompense": [
        { "loot": "cibo", "peso": 40, "quantit\u00e0": "2-5" },
        { "loot": "dardi", "peso": 35, "quantit\u00e0": "3-6" },
        { "loot": "monete", "peso": 25, "quantit\u00e0": "4-8" }
      ]
    },
    {
      "porta": "\ud83d\udfe4 Marrone",
      "ricompense": [
        { "loot": "cibo", "peso": 45, "quantit\u00e0": "3-6" },
        { "loot": "armatura", "peso": 25, "quantit\u00e0": "1" },
        { "loot": "monete", "peso": 30, "quantit\u00e0": "5-11" }
      ]
    },
    {
      "porta": "\ud83d\udf49 Lime",
      "ricompense": [
        { "loot": "frecce", "peso": 45, "quantit\u00e0": "4-8" },
        { "loot": "monete", "peso": 35, "quantit\u00e0": "5-12" },
        { "loot": "cibo", "peso": 20, "quantit\u00e0": "2-4" }
      ]
    },
    {
      "porta": "\ud83d\udfe9 Verde Scuro",
      "ricompense": [
        { "loot": "monete", "peso": 40, "quantit\u00e0": "5-12" },
        { "loot": "dardi", "peso": 30, "quantit\u00e0": "4-7" },
        { "loot": "cibo", "peso": 30, "quantit\u00e0": "3-6" }
      ]
    },
    {
      "porta": "\u2699\ufe0f Neutra",
      "ricompense": [
        { "loot": "monete", "peso": 40, "quantit\u00e0": "4-10" },
        { "loot": "cibo", "peso": 30, "quantit\u00e0": "2-5" },
        { "loot": "speciale", "peso": 30, "quantit\u00e0": "1" }
      ]
    }
  ]
}
